0.0,0,0,0,0,0.71002597277827,0.0,0.78175020981155,-0.98016728586546,0.19817187418788,0
0.023349008524939,1,0,0,1,0.70535617107329,0.27011981154933,0.90675211718929,-0.97826207022252,0.20737242334495,0
0.03037160173008,1,0,0,0,0.69928185072727,0.29717127482096,0.87550164034485,-0.97608327011191,0.2173969866572,0
0.037003668864289,0,1,1,0,0.69188111695441,0.32359365983443,0.84425116350042,-0.97464521291868,0.2237559137424,0
0.035387411569346,0,1,0,0,0.68480363464054,0.34940156069669,0.87550164034485,-0.97252218786941,0.23281021047561,0
0.042558249763033,1,0,1,0,0.67629198468794,0.37460928252249,0.84425116350042,-0.97100664396438,0.23905249920682,0
0.039980064132287,1,0,0,1,0.66829597186148,0.39923078363592,0.87550164034485,-0.96900260676563,0.24705049702727,0
0.047696557401317,0,0,1,0,0.65875666038122,0.4232796755704,0.84425116350042,-0.96717676063109,0.25410453300786,0
0.054199966191622,0,0,1,0,0.64791666714289,0.44676930976636,0.81300068665599,-0.96646651532755,0.25679266880233,0
0.052563319619213,0,0,0,1,0.63740400321905,0.46971266197436,0.84425116350042,-0.96504874690314,0.26207044110446,0
0.048028434862592,1,0,0,1,0.62779831624653,0.49212241895271,0.87550164034485,-0.96238770584471,0.27167978143202,0
0.035858630989825,0,1,1,0,0.62062659004856,0.37091029774059,0.87550164034485,-0.96014174668321,0.27951355293815,0
0.023969398992767,0,0,1,0,0.61583271025001,0.24969817652847,0.87550164034485,-0.95810705923007,0.28641030542476,0
0.012279890532649,0,0,1,0,0.61337673214348,0.12848605531635,0.87550164034485,-0.95683460104797,0.29063300954533,0
0.00069386675860983,0,1,1,0,0.61323795879176,0.0072739341042259,0.87550164034485,-0.95576940159281,0.29411707019301,0
-0.03348974817652,0,1,0,0,0.61993590842706,0.27011981154933,0.29059281300069,-0.95576940159281,0.29411707019301,0
-0.034904776386146,0,1,1,0,0.62691686370429,0.29717127482096,0.32184328984512,-0.95683460104797,0.29063300954533,0
-0.034537118424821,1,0,0,0,0.63382428738926,0.32359365983443,0.35309376668956,-0.95887247653872,0.28383723106122,0
-0.041236154754201,0,1,0,1,0.6420715183401,0.34940156069669,0.32184328984512,-0.9604092897096,0.27859288619687,0
-0.040300342708765,0,1,1,0,0.65013158688185,0.37460928252249,0.35309376668956,-0.9626217738717,0.27084925783191,0
-0.047356644201766,0,1,0,1,0.6596029157222,0.39923078363592,0.32184328984512,-0.96434174037686,0.26466017412322,0
-0.052805177151129,0,1,0,0,0.67016395115243,0.4232796755704,0.29059281300069,-0.96479704267957,0.26299556353057,0
-0.056259666204431,0,1,0,1,0.68141588439332,0.44676930976636,0.25934233615625,-0.96434174037686,0.26466017412322,0
-0.05745848638551,1,0,0,0,0.69290758167042,0.46971266197436,0.22809185931182,-0.9626217738717,0.27084925783191,0
-0.062012859321132,0,1,1,0,0.70531015353464,0.49212241895271,0.25934233615625,-0.96139152091986,0.27518419922553,0
-0.064146145513375,0,1,1,0,0.71813938263732,0.51401103626598,0.29059281300069,-0.96139152091986,0.27518419922553,0
-0.063699671098309,1,0,0,0,0.73087931685698,0.53539062268806,0.32184328984512,-0.96288100884388,0.26992621734057,0
-0.060641092663653,0,1,1,0,0.74300753538971,0.55627302689986,0.35309376668956,-0.96574879873292,0.25947881945532,0
-0.055046802721668,0,1,1,0,0.75401689593404,0.57666975079161,0.38434424353399,-0.9701292712466,0.24258853449936,0
-0.043908033584253,1,0,0,0,0.7627985026509,-0.45545762957949,0.78458838788434,-0.9731657294422,0.23010533031471,0
-0.051457175542095,1,0,0,1,0.77308993775931,-0.42212428468646,0.81583886472877,-0.9742359955635,0.22553098445312,0
-0.044087920630742,0,1,0,0,0.78190752188546,-0.38879093979344,0.84708934157321,-0.97505119607466,0.22198010053463,0
-0.043444002334591,0,0,1,0,0.79059632235238,-0.35545759490042,0.81583886472877,-0.97587439160186,0.21833270899182,0
-0.036675735980544,0,1,0,1,0.79793146954849,-0.3221242500074,0.84708934157321,-0.9764776672761,0.21561856439331,0
-0.035366353140494,0,0,1,0,0.80500474017659,-0.28879090511438,0.81583886472877,-0.97707339426782,0.21290275295066,0
-0.03223440757131,1,0,0,0,0.81145162169085,-0.25545756022135,0.78458838788434,-0.97727706624301,0.21196588356489,0
-0.027221993465835,0,1,0,0,0.81689602038402,-0.22212422977794,0.81583886472877,-0.97768171504867,0.21009156113346,0
-0.023828540808187,1,0,1,0,0.82166172854566,-0.18879089933453,0.78458838788434,-0.97806280178596,0.20831023921688,0
-0.019061382330995,0,0,0,1,0.82547400501185,-0.15545756889112,0.81583886472877,-0.97826207022252,0.20737242334495,0
-0.013968366801152,1,0,0,1,0.82826767837208,-0.12212423844771,0.84708934157321,-0.97826207022252,0.20737242334495,0
-0.010895018833107,0,0,1,0,0.83044668213871,-0.088790908004298,0.81583886472877,-0.9784604394342,0.20643441685493,0
-0.0070010292926528,1,0,1,0,0.83184688799724,-0.055457573948484,0.78458838788434,-0.97863820273672,0.20559004874807,0
-0.0027636104592978,0,0,1,0,0.8323996100891,-0.022124239892671,0.7533379110399,-0.97903062335084,0.20371312805329,0
0.0014172215848318,1,0,0,0,0.83211616577213,0.011209094163143,0.77665369649805,-0.97940008871157,0.20192935950915,0
0.0054926571822578,0,0,0,1,0.83101763433568,0.044281750014334,0.80790417334249,-0.97940008871157,0.20192935950915,0
0.0096785409067156,1,0,0,0,0.82908192615433,0.076585278366551,0.77665369649805,-0.97959323884929,0.20099026444274,1
0.59527976688031,1,0,1,0,0.71002597277827,0.0,0.78175020981155,-0.98016728586546,0.19817187418788,0
0.00076049573001062,0,0,1,0,0.70987387363227,0.27011981154933,0.53174639505608,-0.98303910002573,0.18339609543445,0
-0.0068667595149857,0,1,0,0,0.71124722553527,0.29717127482096,0.50049591821164,-0.98600962444408,0.16668839342813,0
-0.015567218174389,0,0,0,1,0.71436066917015,0.32359365983443,0.46924544136721,-0.98886805001366,0.14879509286999,0
-0.0090278073733801,1,0,1,0,0.71616623064482,0.34940156069669,0.50049591821164,-0.99166323700657,0.12885660390394,0
-0.019051599820015,0,1,0,1,0.71997655060882,0.37460928252249,0.46924544136721,-0.9940668799235,0.10877057616452,0
-0.029396711396271,0,1,0,0,0.72585589288808,0.39923078363592,0.43799496452277,-0.99597828316918,0.089594974498377,0
-0.039425565066999,0,1,0,0,0.73374100590148,0.4232796755704,0.40674448767834,-0.99746554304815,0.071151180114307,0
-0.03389967058905,1,0,1,0,0.74052094001929,0.44676930976636,0.43799496452277,-0.99871046924961,0.05076808654288,0
-0.04465456301198,0,1,0,1,0.74945185262168,0.46971266197436,0.40674448767834,-0.99950934208634,0.031322118097707,0
-0.05415810560837,0,1,0,0,0.76028347374336,0.49212241895271,0.37549401083391,-0.99989135605717,0.01474028772315,0
-0.040984452608371,1,0,0,0,0.76848036426503,0.37091029774059,0.37549401083391,-0.99999999741473,7.1906446574866e-05,0
-0.047673052842157,0,1,0,0,0.77801497483346,0.39561780293783,0.34424353398947,-0.99992082719589,-0.01258329606609,0
-0.052726099121263,0,1,0,0,0.78856019465772,0.41975073380904,0.31299305714504,-0.99979100009693,-0.02044397527855,0
-0.053527225136273,1,0,0,0,0.79926563968497,0.44332241289543,0.34424353398947,-0.99945221409414,-0.033094889972928,0
-0.052006338924739,0,1,1,0,0.80966690746992,0.46634593154445,0.37549401083391,-0.99881299657722,-0.048709320139363,0
-0.048128273893717,0,0,1,0,0.81929256224866,0.48883403431286,0.40674448767834,-0.99754338558502,-0.07005136597937,0
-0.036439635766115,1,0,0,0,0.82658048940189,0.36762191310073,0.40674448767834,-0.99608494217241,-0.088401289455412,0
-0.024539560760573,0,1,0,1,0.831488401554,0.24640979188861,0.40674448767834,-0.99469094311089,-0.10290737433815,0
-0.022750427998148,1,0,1,0,0.83603848715363,0.27401265231046,0.43799496452277,-0.99287021015626,-0.11920044372513,0
-0.020371959392197,0,0,0,0,0.84011287903207,0.24370962200743,0.43799496452277,-0.99092492478993,-0.13441649240354,0
-0.01794328620382,0,0,0,0,0.84370153627283,0.2134065917044,0.43799496452277,-0.98888943844044,-0.14865287935644,0
-0.02735153824513,0,1,1,0,0.84917184392186,0.27011981154933,0.40674448767834,-0.98666504160482,-0.16276392620897,0
-0.025286410781707,1,0,0,1,0.8542291260782,0.29717127482096,0.43799496452277,-0.9837438049884,-0.17957763264659,0
-0.033055254397485,0,1,0,1,0.8608401769577,0.32359365983443,0.40674448767834,-0.98074258767895,-0.19530483023417,0
-0.040176456784492,0,0,0,1,0.8688754683146,0.34940156069669,0.37549401083391,-0.97751017845554,-0.21088824295304,0
-0.038556139914229,1,0,0,0,0.87658669629744,0.37460928252249,0.40674448767834,-0.97363798189142,-0.22809883870462,0
-0.034856324285401,1,0,1,0,0.88355796115452,0.39923078363592,0.43799496452277,-0.96880095375266,-0.24784009362477,0
-0.029113823376188,0,0,1,0,0.88938072582976,0.4232796755704,0.46924544136721,-0.96291981775681,-0.26978773984596,0
-0.039777369988614,0,0,0,1,0.89733619982748,0.44676930976636,0.43799496452277,-0.95659743495856,-0.2914126754805,0
-0.03328386639404,1,0,0,0,0.90399297310629,0.46971266197436,0.46924544136721,-0.94963937235703,-0.31334495762553,0
-0.044708563818088,0,1,1,0,0.91293468586991,0.49212241895271,0.43799496452277,-0.94169562556768,-0.33646596973052,0
-0.054928813248246,0,1,1,0,0.92392044851956,0.51401103626598,0.40674448767834,-0.93332679831009,-0.35902797600776,1
1.0694723787064,0,1,1,0,0.71002597277827,0.0,0.78175020981155,-0.98016728586546,0.19817187418788,0
0.024665132930048,1,0,1,0,0.70509294619226,0.27011981154933,0.65674830243381,-0.98214865077766,0.18810642672599,0
0.021325378904642,0,1,0,0,0.70082787041133,0.29717127482096,0.62549782558938,-0.98471883192626,0.17415172135179,0
0.015851526891633,0,1,0,0,0.69765756503301,0.32359365983443,0.59424734874495,-0.98756241232286,0.15722748413381,0
0.0083552849032567,0,1,0,0,0.69598650805236,0.34940156069669,0.56299687190051,-0.99038226304486,0.13835813328512,0
0.017279448149071,1,0,0,1,0.69253061842254,0.37460928252249,0.59424734874495,-0.99285305732828,0.11934323002955,0
0.026664908443945,1,0,1,0,0.68719763673375,0.39923078363592,0.62549782558938,-0.9947744761089,0.10209672708893,0
0.036085780003273,1,0,0,1,0.6799804807331,0.4232796755704,0.65674830243381,-0.99615665312396,0.087589510998039,0
0.028619819740321,0,1,1,0,0.67425651678503,0.44676930976636,0.62549782558938,-0.99746554304815,0.071151180114307,0
0.038836174118567,1,0,0,1,0.66648928196132,0.46971266197436,0.65674830243381,-0.99845029381227,0.055650793221499,0
0.035234849788504,1,0,1,0,0.65944231200362,0.49212241895271,0.6415808346685,-0.9991980302381,0.04004118340274,0
0.026019024265222,0,0,0,0,0.65423850715058,0.37091029774059,0.6415808346685,-0.99965054691415,0.026434523907901,0
0.034887151097586,1,0,0,1,0.64726107693106,0.39561780293783,0.67283131151293,-0.9998767642165,0.015698929260767,0
0.028367101924453,0,0,1,0,0.64158765654617,0.41975073380904,0.6415808346685,-0.99999536691511,0.0030440348732185,0
0.038026749119094,1,0,0,0,0.63398230672235,0.44332241289543,0.67283131151293,-0.99997040140657,-0.0076939138796311,0
0.030096679146068,1,0,1,0,0.62796297089314,0.46634593154445,0.6415808346685,-0.99977093987783,-0.021402517978208,0
0.02738614159343,0,0,0,0,0.62248574257445,0.43604290124142,0.6415808346685,-0.99942002493498,-0.034053102046267,0
0.01758618024648,0,1,1,0,0.61896850652515,0.45923571153121,0.61033035782406,-0.99876583733827,-0.049666912184883,0
0.015518252549428,0,0,0,0,0.61586485601527,0.42893268122818,0.61033035782406,-0.99787398517631,-0.065172921588187,0
0.0043893592964047,0,1,0,1,0.61498698415599,0.45229082396536,0.57907988097963,-0.99665579018704,-0.081714355450238,0
-0.0082516497176488,0,1,0,0,0.61663731409952,0.4751057769313,0.54782940413519,-0.99488643976749,-0.10099986122151,0
-0.0087715746581331,0,0,0,0,0.61839162903114,0.44480274662827,0.54782940413519,-0.99275547010944,-0.12015230571151,0
-0.0090753352899071,0,0,0,0,0.62020669608913,0.41449971632524,0.54782940413519,-0.99040215048663,-0.13821570211614,0
0.00022856682884629,0,0,0,1,0.62016098272336,0.43819352352258,0.57907988097963,-0.98801795328844,-0.1543389904714,0
-0.00068389286110547,0,0,0,0,0.62029776129558,0.40789049321955,0.57907988097963,-0.98556671226324,-0.16928749415897,0
0.0089769281375521,0,0,0,1,0.61850237566807,0.43173801537716,0.61033035782406,-0.98322322493796,-0.18240638679225,0
0.0074968128688021,0,0,0,0,0.61700301309431,0.40143498507413,0.61033035782406,-0.981115282476,-0.19342389328118,0
0.006195143277496,0,0,0,0,0.61576398443881,0.3711319547711,0.61033035782406,-0.97886428434774,-0.20451091126975,0
-0.0039448590345557,0,0,1,0,0.61655295624572,0.39583431590687,0.57907988097963,-0.97590578056874,-0.21819236341478,0
-0.015229270134019,0,1,0,0,0.61959881027252,0.41996218941428,0.54782940413519,-0.97235453091098,-0.23350945637571,0
-0.0063061066155123,1,0,0,0,0.62086003159562,0.44352895563299,0.57907988097963,-0.96880095375266,-0.24784009362477,0
0.0018070302246717,1,0,1,0,0.62049862555069,0.46654764811198,0.60476081483177,-0.96556196707816,-0.26017318795785,0
0.012696806472949,1,0,0,0,0.6179592642561,0.48903101140803,0.6360112916762,-0.96291981775681,-0.26978773984596,0
-0.0005915572439899,1,0,1,0,0.6180775757049,0.51099152998491,0.60476081483177,-0.95942848999779,-0.2819520749712,0
-0.0041189535342207,1,0,1,0,0.61890136641174,0.53244134151574,0.59989318684672,-0.95555766538486,-0.29480425391136,0
-0.0041864874467859,0,0,0,1,0.6197386639011,0.41122922030362,0.59989318684672,-0.95180916392113,-0.30669091195496,0
-0.0065464414200488,1,0,1,0,0.62104795218511,0.4349990902525,0.59656672007324,-0.94824820803516,-0.3175300552044,0
-0.0069565063244047,0,0,0,0,0.62243925344999,0.40469605994947,0.59656672007324,-0.94428016282568,-0.32914278678698,0
0.0022891718246827,1,0,0,0,0.62198141908505,0.42861785310687,0.62781719691768,-0.94140494616296,-0.33727841220558,0
0.0012738835920607,0,0,0,0,0.62172664236664,0.39831482280384,0.62781719691768,-0.93875731581768,-0.34457902141422,0
0.01083309688681,1,0,0,1,0.61956002298928,0.42238501346473,0.65906767376211,-0.93696076594262,-0.34943457625745,0
-0.0005075644903837,0,0,1,0,0.61966153588736,0.44589545510032,0.62781719691768,-0.93425306149087,-0.35661073609039,0
-0.0014023033218962,0,0,0,0,0.61994199655174,0.41559242479729,0.62781719691768,-0.93180393448901,-0.36296201959819,0
-0.013179408630883,1,0,1,0,0.62257787827791,0.43926082957875,0.59656672007324,-0.92806717673565,-0.37241282935194,0
-0.013112906188586,0,0,0,0,0.62520045951563,0.40895779927572,0.59656672007324,-0.92394143458242,-0.38253395334503,0
-0.01285930191508,0,0,0,0,0.62777231989865,0.37865476897269,0.59656672007324,-0.92041898207992,-0.39093336699106,1
-0.41126826439814,0,1,1,0,0.71002597277827,0.0,0.78175020981155,-0.98016728586546,0.19817187418788,0
0.0,0,0,0,0,0.71002597277827,0.0,0.78175020981155,-0.98016728586546,0.19817187418788,0
0.023349008524939,1,0,0,1,0.70535617107329,0.27011981154933,0.90675211718929,-0.97826207022252,0.20737242334495,0
0.020577991000352,0,0,0,0,0.70124057287321,0.2398167812463,0.90675211718929,-0.97587439160186,0.21833270899182,0
0.017859383476871,0,0,0,0,0.69766869617784,0.20951375094327,0.90675211718929,-0.97360516826913,0.22823885804053,0
0.015188334223775,0,0,0,0,0.69463102933309,0.17921072064024,0.90675211718929,-0.97144049786064,0.23728328874209,0
0.012556814035235,0,0,0,0,0.69211966652604,0.14890769033721,0.90675211718929,-0.96945103337149,0.24528492390474,0
0.027178483889343,1,0,1,0,0.68668396974817,0.27011981154933,0.87550164034485,-0.96763804010266,0.25234227419573,0
0.02471232253034,0,1,0,0,0.6817415052421,0.29717127482096,0.90675211718929,-0.96479704267957,0.26299556353057,0
0.020069472848845,0,1,0,0,0.67772761067233,0.32359365983443,0.93800259403372,-0.96139152091986,0.27518419922553,0
0.013282924883518,0,0,0,1,0.67507102569563,0.34940156069669,0.96925307087816,-0.95708502545166,0.28980727053715,0
0.0045520680348768,0,1,0,1,0.67416061208865,0.37460928252249,0.00048828870069429,-0.95202944837085,0.30600642057756,0
0.01383983880867,1,0,0,1,0.67139264432692,0.39923078363592,0.96925307087816,-0.94679232423549,0.3218451409743,0
0.023709483282574,1,0,0,0,0.66665074767041,0.4232796755704,0.93800259403372,-0.94193732281621,0.33578874294091,0
0.013849690580188,0,1,0,1,0.66388080955437,0.44676930976636,0.96925307087816,-0.93630583728564,0.35118567605306,0
0.024588122956799,1,0,0,0,0.65896318496301,0.46971266197436,0.93800259403372,-0.93080868343662,0.36550676442302,0
0.030018603279902,1,0,0,1,0.65295946430703,0.49212241895271,0.92321660181582,-0.92581895471126,0.37796727781297,0
0.018570239862733,0,0,0,1,0.64924541633448,0.51401103626598,0.95446707866026,-0.9193850610557,0.39335875420233,0
0.030433680721473,1,0,0,0,0.64315868019019,0.53539062268806,0.92321660181582,-0.91347720181543,0.40688991356809,0
0.028135623008289,1,0,0,1,0.63753155558853,0.55627302689986,0.92881666285191,-0.90781299859664,0.41937520143538,0
0.014089010793537,0,1,0,1,0.63471375342982,0.57666975079161,0.96006713969635,-0.90064920506124,0.43454690129209,0
-0.0018483785158869,0,1,0,1,0.635083429133,0.59659218065666,0.99131761654078,-0.89193503057096,0.45216357796751,0
0.011403845886572,1,0,0,0,0.63280265995568,0.61605129819928,0.96006713969635,-0.88377516327017,0.46791180877039,0
-0.0059135994715689,0,1,0,1,0.63398537985,0.63505785392992,0.99131761654078,-0.87408270068622,0.48577714269104,0
0.0079304354846639,1,0,0,0,0.63239929275307,0.65362242496375,0.96006713969635,-0.8653294715035,0.50120345743767,0
0.015182693617742,1,0,0,1,0.62936275402952,0.67175524162524,0.94247348744945,-0.8568482277102,0.51556872933673,0
0.010768521477573,0,1,0,0,0.627209049734,0.55054312041312,0.94247348744945,-0.84980047728174,0.52710449515416,0
-0.0045390095043396,0,1,0,1,0.62811685163487,0.57107312751539,0.97372396429389,-0.84088932556333,0.54120711576406,0
-0.020767760844404,0,1,0,1,0.63227040380375,0.59112571947502,0.0049591821164263,-0.83035770121098,0.55723073142067,0
-0.036975774002118,0,1,0,1,0.63966555860417,0.61071193579471,0.036209658960861,-0.81836535120845,0.5746983138495,0
-0.05220485102344,0,1,0,1,0.65010652880886,0.62984264258182,0.067460135805295,-0.80481224141521,0.59352949047897,0
-0.065583527912207,0,1,0,1,0.6632232343913,0.64852847474994,0.098710612649729,-0.79059112461429,0.61234440773237,0
-0.076400198265952,0,1,0,0,0.67850327404449,0.66677977822044,0.12996108949416,-0.77532509277563,0.63156234887179,0
-0.084148391187855,0,1,0,0,0.69533295228207,0.68460660992247,0.1612115663386,-0.76021524319405,0.64967128920356,0
-0.069349259021449,0,0,1,0,0.70920280408636,0.56339448871035,0.1612115663386,-0.74634392802907,0.66556047140296,0
-0.067518549750198,1,0,0,1,0.72270651403639,0.5836256200617,0.12996108949416,-0.7316179182402,0.6817149123423,0
-0.074511785987287,0,1,0,0,0.73760887123385,0.60338627208363,0.1612115663386,-0.71640855828104,0.69768099990015,0
-0.078607554527478,0,1,0,1,0.75333038213935,0.62268736868194,0.19246204318303,-0.70180765985317,0.71236648473339,0
-0.063319391345759,0,0,1,0,0.7659942604085,0.50147524746982,0.19246204318303,-0.68878476706714,0.72496589206407,0
-0.06493704780628,0,1,0,1,0.77898166996976,0.5231463692405,0.22371252002747,-0.67694830425286,0.73603056551286,0
-0.063927280206079,0,1,0,0,0.79176712601097,0.54431348858458,0.2549629968719,-0.66707965234519,0.74498640083362,0
-0.070276735305792,0,0,0,1,0.80582247307213,0.5649883963845,0.22371252002747,-0.65426934477523,0.7562616111422,0
-0.071933685281934,0,1,0,1,0.82020921012852,0.58518247893362,0.23350881208515,-0.64126849149953,0.76731657209389,0
-0.069682028293365,0,1,0,0,0.83414561578719,0.60490689133153,0.26475928892958,-0.63009311121549,0.77651958841924,0
-0.064622513896925,0,1,0,0,0.84707011856657,0.62417261528246,0.29600976577401,-0.62081712302984,0.78395541949332,0
-0.074694440017178,0,1,0,1,0.86200900657001,0.64299028570002,0.26475928892958,-0.60879470601796,0.79332780483512,1
0.75991516895869,0,0,1,0,0.71002597277827,0.0,0.78175020981155,-0.98016728586546,0.19817187418788,0
0.0,0,0,0,0,0.71002597277827,0.0,0.78175020981155,-0.98016728586546,0.19817187418788,0
0.023349008524939,1,0,0,1,0.70535617107329,0.27011981154933,0.90675211718929,-0.97826207022252,0.20737242334495,0
0.020577991000352,0,0,0,0,0.70124057287321,0.2398167812463,0.90675211718929,-0.97587439160186,0.21833270899182,0
0.027481734285456,1,0,0,0,0.69574422601612,0.27011981154933,0.87550164034485,-0.97380174793547,0.22739867131939,0
0.024297315084415,0,0,0,0,0.69088476299924,0.2398167812463,0.87550164034485,-0.97209648046742,0.23458139879979,0
0.022719422117461,0,1,0,1,0.68634087857575,0.27011981154933,0.90675211718929,-0.96968575533649,0.24435534759341,0
0.020007594157723,0,0,0,0,0.6823393597442,0.2398167812463,0.90675211718929,-0.96739566159315,0.25326988358421,0
0.026950442391238,0,1,1,0,0.67694927126596,0.27011981154933,0.87550164034485,-0.9652745222583,0.2612376249299,0
0.024397166134629,0,1,0,0,0.67206983803903,0.29717127482096,0.90675211718929,-0.9626217738717,0.27084925783191,0
0.021697876725023,0,0,0,0,0.66773026269403,0.26686824451793,0.90675211718929,-0.95990020335633,0.28034193335368,0
0.019063449368144,0,0,0,0,0.6639175728204,0.2365652142149,0.90675211718929,-0.95733473725072,0.28898131575085,0
0.02630975485099,1,0,0,0,0.6586556218502,0.27011981154933,0.87550164034485,-0.95497639919496,0.29668177729786,0
0.032916060965041,1,0,1,0,0.65207240965719,0.29717127482096,0.84425116350042,-0.95365867172327,0.30089057454001,0
0.038888211588724,0,0,1,0,0.64429476733945,0.32359365983443,0.81300068665599,-0.95339868506422,0.30171335289942,0
0.035199113320026,0,0,0,0,0.63725494467544,0.2932906295314,0.81300068665599,-0.95339868506422,0.30171335289942,0
0.035146388248278,0,0,0,1,0.63022566702578,0.31980323791504,0.84425116350042,-0.95258529895655,0.3042716684344,0
0.032882126060412,1,0,0,1,0.6236492418137,0.34569928140351,0.87550164034485,-0.95067062557164,0.3102021303525,0
0.029760891135677,0,0,0,0,0.61769706358657,0.31539625110048,0.87550164034485,-0.94874933538674,0.31602958501258,0
0.025692477891474,0,0,0,1,0.61255856800827,0.34139480012836,0.90675211718929,-0.94567583537544,0.32511108007411,0
0.033953050224858,1,0,1,0,0.6057679579633,0.36678871963963,0.87550164034485,-0.94337727427563,0.33172174842822,0
0.041814616918523,1,0,0,0,0.5974050345796,0.39159208355528,0.84425116350042,-0.94193732281621,0.33578874294091,0
0.048800544321705,0,0,1,0,0.58764492571526,0.41581861900561,0.81300068665599,-0.9416472276851,0.33660139422313,0
0.04511969767152,0,0,0,0,0.57862098618095,0.38551558870258,0.81300068665599,-0.9416472276851,0.33660139422313,0
0.041461345184012,0,0,0,0,0.57032871714415,0.35521255839955,0.81300068665599,-0.94193732281621,0.33578874294091,0
0.039845175458601,1,0,0,1,0.56235968205243,0.38028514746464,0.84425116350042,-0.94103250248228,0.33831616761832,0
0.046909856966153,0,0,1,0,0.5529777106592,0.4047746369333,0.81300068665599,-0.94074022683075,0.33912803721076,0
0.043253862326753,0,0,0,0,0.54432693819385,0.37447160663027,0.81300068665599,-0.94103250248228,0.33831616761832,0
0.04899261342505,0,0,1,0,0.53452841550884,0.39909628665808,0.78175020981155,-0.94193732281621,0.33578874294091,0
0.053126434347958,0,0,1,0,0.52390312863925,0.42314829970851,0.75049973296712,-0.94423281808451,0.3292785830451,0
0.055174565910716,1,0,1,0,0.5128682154571,0.44664096832275,0.71924925612268,-0.94792807318826,0.31848448637507,0
0.054690898828306,1,0,1,0,0.50193003569144,0.46958729715058,0.68799877927825,-0.95232239522809,0.30509351934616,0
0.051307789890569,0,1,0,0,0.49166847771333,0.49200000184955,0.65674830243381,-0.95733473725072,0.28898131575085,0
0.038321835998705,0,1,0,0,0.48400411051359,0.37078788063743,0.65674830243381,-0.96189120932086,0.27343244399898,0
0.034133768059728,0,0,1,0,0.47717735690164,0.39549824685761,0.62549782558938,-0.96668773608524,0.25595863123246,0
0.027301310048094,0,0,1,0,0.47171709489202,0.41963395205411,0.59424734874495,-0.97144049786064,0.23728328874209,0
0.03674192369547,1,0,0,0,0.46436871015293,0.44320834766735,0.62549782558938,-0.97587439160186,0.21833270899182,0
0.045803715983493,1,0,1,0,0.45520796695623,0.46623449614554,0.65674830243381,-0.97940008871157,0.20192935950915,0
0.042258703376859,0,0,0,0,0.44675622628086,0.43593146584251,0.65674830243381,-0.98250754002177,0.18622280687491,0
0.035737893272132,0,1,0,0,0.43960864762643,0.45912684816303,0.62549782558938,-0.98570434408191,0.16848426056473,0
0.032495552383071,0,0,0,0,0.43310953714982,0.42882381786,0.62549782558938,-0.98843598716723,0.15163871297511,0
0.029398208598688,0,0,0,0,0.42722989543008,0.39852078755697,0.62549782558938,-0.99077611952154,0.13550897013056,0
0.026449911305463,0,0,0,0,0.42193991316899,0.36821775725394,0.62549782558938,-0.99273818039262,0.12029507550499,0
0.023646141869827,0,0,0,0,0.41721068479502,0.33791472695091,0.62549782558938,-0.99437561983248,0.10591093750306,0
0.020987560840786,0,0,0,0,0.41301317262686,0.30761169664788,0.62549782558938,-0.99580465342201,0.09150460219607,0
0.014841679930956,0,1,1,0,0.41004483664067,0.33379127040054,0.59424734874495,-0.99710571693368,0.0760275559135,1
-1.499905680688,0,0,0,0,0.71002597277827,0.0,0.78175020981155,-0.98016728586546,0.19817187418788,0
0.034067882411505,1,0,0,0,0.70321239629597,0.27011981154933,0.78175020981155,-0.98016728586546,0.19817187418788,0
0.03024283739116,0,0,0,0,0.69716382881774,0.2398167812463,0.78175020981155,-0.98016728586546,0.19817187418788,0
0.026417712060322,0,0,0,0,0.69188028640568,0.20951375094327,0.78175020981155,-0.98016728586546,0.19817187418788,0
0.03358221408296,1,0,1,0,0.68516384358908,0.27011981154933,0.75049973296712,-0.98071449018441,0.19544587164312,0
0.029802469636696,0,0,0,0,0.67920334966174,0.2398167812463,0.75049973296712,-0.98143843128328,0.19177748981621,0
0.026027971049781,0,0,0,0,0.67399775545179,0.20951375094327,0.75049973296712,-0.98214865077766,0.18810642672599,0
0.031737671010734,0,1,1,0,0.66765022124964,0.27011981154933,0.71924925612268,-0.98337154864043,0.18160505864242,0
0.036872894486582,0,1,0,1,0.66027564235232,0.29717127482096,0.75049973296712,-0.98406077287371,0.17783249222567,0
0.037917174454381,1,0,1,0,0.65269220746145,0.32359365983443,0.71924925612268,-0.98537946269548,0.17037404291136,0
0.036835768828667,1,0,1,0,0.64532505369572,0.34940156069669,0.68799877927825,-0.9869521825682,0.16101363086354,0
0.033382015452313,1,0,1,0,0.63864865060525,0.37460928252249,0.65674830243381,-0.98915154726212,0.14689866081399,0
0.04154834556854,0,0,0,1,0.63033898149154,0.39923078363592,0.68799877927825,-0.99077611952154,0.13550897013056,0
0.048888005179913,0,1,0,1,0.62056138045556,0.4232796755704,0.71924925612268,-0.99190849698261,0.12695484872069,0
0.0549098430492,0,1,0,1,0.60957941184572,0.44676930976636,0.75049973296712,-0.99238807482377,0.12314994497593,0
0.059111988401283,0,1,0,1,0.59775701416547,0.46971266197436,0.78175020981155,-0.99238807482377,0.12314994497593,0
0.060378386853019,0,0,1,0,0.58568133679486,0.49212241895271,0.75049973296712,-0.99273818039262,0.12029507550499,0
0.045446962640715,0,1,0,1,0.57659194426672,0.37091029774059,0.75049973296712,-0.99308007318384,0.11743921085049,0
0.030567116707919,0,1,1,0,0.57047852092513,0.24969817652847,0.75049973296712,-0.99341375036899,0.1145823746386,0
0.031657221560787,1,0,1,0,0.56414707661298,0.27722456960967,0.71924925612268,-0.99396213898802,0.1097235902546,0
0.037138306942809,0,1,0,1,0.55671941522442,0.30411081603079,0.75049973296712,-0.99427362044074,0.1068642489126,0
0.03754723147481,1,0,1,0,0.54920996892945,0.33037179889101,0.71924925612268,-0.9947744761089,0.10209672708893,0
0.035724591398678,0,0,1,0,0.54206505064972,0.35602205449885,0.68799877927825,-0.99562736227517,0.093413893447332,0
0.032433527736834,0,0,0,0,0.53557834510235,0.32571902419582,0.68799877927825,-0.99640446226746,0.084723949232192,0
0.029201495702811,0,0,0,0,0.52973804596179,0.29541599389279,0.68799877927825,-0.99703236705324,0.076983498544886,0
0.035914207533786,0,1,0,1,0.52255520445503,0.3218791846073,0.71924925612268,-0.99746554304815,0.071151180114307,0
0.033889103612808,1,0,1,0,0.51577738373247,0.34772696639552,0.68799877927825,-0.99804834118787,0.062446045928747,0
0.041178582405905,1,0,0,0,0.50754166725129,0.37297361547297,0.71924925612268,-0.99834174762623,0.057565223413068,0
0.047552743296675,1,0,0,0,0.49803111859195,0.39763314796217,0.75049973296712,-0.998503190257,0.054693500953905,0
0.046111186695299,1,0,1,0,0.48880888125289,0.42171920429577,0.71924925612268,-0.99871046924961,0.05076808654288,0
0.052888046633585,1,0,0,1,0.47823127192618,0.44524510701497,0.75049973296712,-0.99880598122018,0.048852961822039,0
0.05811522935969,0,1,0,1,0.46660822605424,0.468223918568,0.78175020981155,-0.99871046924961,0.05076808654288,0
0.061282450276263,0,1,0,1,0.45435173599899,0.49066832571319,0.81300068665599,-0.99839647958553,0.056608034334521,0
0.046107972098628,0,1,0,1,0.44513014157926,0.36945620450107,0.81300068665599,-0.99804834118787,0.062446045928747,0
0.030960785571163,0,1,0,1,0.43893798446503,0.24824408328894,0.81300068665599,-0.99773107289501,0.067325375452151,0
0.033263168362678,1,0,0,1,0.43228535079249,0.27580428845955,0.84425116350042,-0.99724966698974,0.074115461874429,0
0.037705517068886,1,0,1,0,0.42474424737872,0.30272356669108,0.81300068665599,-0.99680681881393,0.07985089834213,0
0.033906876840955,0,0,0,0,0.41796287201052,0.27242053638805,0.81300068665599,-0.99648523361273,0.083768605048537,0
0.03011678083634,0,0,0,0,0.41193951584326,0.24211750608502,0.81300068665599,-0.99607221862666,0.088544538398235,0
0.032433597743738,0,0,0,1,0.40545279629451,0.27011981154933,0.84425116350042,-0.99553734388005,0.094368410711712,0
0.036907051865844,1,0,0,0,0.39807138592134,0.29717127482096,0.81300068665599,-0.99506401740653,0.099235080807074,0
0.038727184147241,0,1,0,1,0.39032594909189,0.32359365983443,0.84425116350042,-0.99427362044074,0.1068642489126,0
0.043296740928094,1,0,1,0,0.38166660090627,0.34940156069669,0.81300068665599,-0.99374991624475,0.11162931498292,0
0.046263255432818,0,0,1,0,0.37241394981971,0.37460928252249,0.78175020981155,-0.99352314992806,0.11362988408435,0
0.047149448781253,0,0,1,0,0.36298406006346,0.39923078363592,0.75049973296712,-0.99374991624475,0.11162931498292,0
0.052075134284547,1,0,0,1,0.35256903320655,0.4232796755704,0.78175020981155,-0.99363163623418,0.11267728908077,1
-1.7872846978586,1,0,0,1,0.71002597277827,0.0,0.78175020981155,-0.98016728586546,0.19817187418788,0
0.034067882411505,1,0,0,0,0.70321239629597,0.27011981154933,0.78175020981155,-0.98016728586546,0.19817187418788,0
0.037475305989511,1,0,0,0,0.69571733509807,0.29717127482096,0.78175020981155,-0.98016728586546,0.19817187418788,0
0.039784149687735,0,1,0,1,0.68776050516052,0.32359365983443,0.81300068665599,-0.97959323884929,0.20099026444274,0
0.040131684987592,0,1,0,0,0.679734168163,0.34940156069669,0.84425116350042,-0.9784604394342,0.20643441685493,0
0.045951916529054,1,0,1,0,0.67054378485719,0.37460928252249,0.81300068665599,-0.97768171504867,0.21009156113346,0
0.050292866729404,1,0,1,0,0.66048521151131,0.39923078363592,0.78175020981155,-0.97768171504867,0.21009156113346,0
0.051848777841834,0,1,0,1,0.65011545594295,0.4232796755704,0.81300068665599,-0.97727706624301,0.21196588356489,0
0.050937432857935,0,1,0,1,0.63992796937136,0.44676930976636,0.84425116350042,-0.97587439160186,0.21833270899182,0
0.047260197036296,0,1,0,1,0.6304759299641,0.46971266197436,0.87550164034485,-0.97360516826913,0.22823885804053,0
0.055553749022414,1,0,1,0,0.61936518015962,0.49212241895271,0.84425116350042,-0.97166754732377,0.23635180870433,0
0.062368345904514,1,0,0,0,0.60689151097871,0.51401103626598,0.81300068665599,-0.97080000951561,0.23989026975786,0
0.067026664538455,1,0,0,0,0.59348617807102,0.53539062268806,0.78591592278935,-0.97080000951561,0.23989026975786,0
0.066750945248624,1,0,0,1,0.5801359890213,0.55627302689986,0.81716639963378,-0.9701292712466,0.24258853449936,0
0.052078076815403,0,0,0,0,0.56972037365822,0.43506090568774,0.81716639963378,-0.96945103337149,0.24528492390474,0
0.037493813932077,0,0,0,0,0.5622216108718,0.31384878447562,0.81716639963378,-0.96876530113341,0.24797941712952,0
0.0229813971892,0,0,0,0,0.55762533143396,0.19263666326349,0.81716639963378,-0.96855096468463,0.24881525035351,0
0.033660226517716,1,0,0,0,0.55089328613042,0.27011981154933,0.78680094605936,-0.96855096468463,0.24881525035351,0
0.03726616665341,0,0,1,0,0.54344005279974,0.29717127482096,0.75555046921492,-0.96945103337149,0.24528492390474,0
0.040295062390888,0,0,0,1,0.53538104032156,0.32359365983443,0.78680094605936,-0.96989624301418,0.2435185368447,0
0.043791845136337,0,0,1,0,0.52662267129429,0.34940156069669,0.75555046921492,-0.97080000951561,0.23989026975786,0
0.046607922190876,1,0,0,1,0.51730108685612,0.37460928252249,0.78680094605936,-0.97123538986182,0.23812143431442,0
0.047321210773744,0,1,0,1,0.50783684470137,0.39923078363592,0.81805142290379,-0.97080000951561,0.23989026975786,0
0.05254939693017,1,0,1,0,0.49732696531533,0.4232796755704,0.78680094605936,-0.97100664396438,0.23905249920682,0
0.055929758495446,0,1,1,0,0.48614101361625,0.44676930976636,0.75555046921492,-0.97209648046742,0.23458139879979,0
0.058228819550947,0,0,0,1,0.47449524970606,0.46971266197436,0.78680094605936,-0.97252218786941,0.23281021047561,0
0.061536807616273,0,0,1,0,0.4621878881828,0.49212241895271,0.75555046921492,-0.97360516826913,0.22823885804053,0
0.046344928355751,0,1,1,0,0.45291890251165,0.37091029774059,0.75555046921492,-0.97464521291868,0.2237559137424,0
0.031182736618642,0,0,0,1,0.44668235518792,0.24969817652847,0.75555046921492,-0.97547505127417,0.22011002780804,0
0.034383213955417,1,0,0,0,0.43980571239684,0.27722456960967,0.78355077439536,-0.97587439160186,0.21833270899182,0
0.036004727592456,1,0,0,1,0.43260476687835,0.30411081603079,0.8148012512398,-0.9756646160617,0.21926823063358,0
0.035609054516984,0,1,0,0,0.42548295597495,0.33037179889101,0.84605172808423,-0.97443023843248,0.22469025441354,0
0.032872679455639,0,1,0,0,0.41890842008382,0.35602205449885,0.87730220492866,-0.97274494826053,0.23187769542071,0
0.040391955452818,1,0,1,0,0.41083002899326,0.38107580127138,0.84605172808423,-0.97123538986182,0.23812143431442,0
0.036404557105461,0,1,0,0,0.40354911757217,0.40554691083503,0.87730220492866,-0.96900260676563,0.24705049702727,0
0.029641496844963,0,1,0,1,0.39762081820317,0.42944890802557,0.9085526817731,-0.96599713083197,0.25855278614704,0
0.03888507540316,1,0,1,0,0.38984380312254,0.45279505758575,0.87730220492866,-0.96337111668142,0.26817175754354,0
0.047677255768136,1,0,1,0,0.38030835196892,0.47559827746767,0.84605172808423,-0.96165491259326,0.27426233624989,0
0.055580279544234,1,0,0,0,0.36919229606007,0.49787116773201,0.8148012512398,-0.96064932363396,0.27776406715344,0
0.041716602604735,0,1,0,0,0.36084897553912,0.37665904651989,0.8148012512398,-0.96014174668321,0.27951355293815,0
0.028115929314982,0,1,0,0,0.35522578967613,0.25544692530777,0.8148012512398,-0.95990020335633,0.28034193335368,0
0.014715869597363,0,1,0,0,0.35228261575665,0.13423480409564,0.8148012512398,-0.95963098366063,0.28126211120329,0
0.032012591003093,0,0,1,0,0.34588009755603,0.27011981154933,0.78355077439536,-0.96014174668321,0.27951355293815,0
0.036564992019488,1,0,1,0,0.33856709915214,0.29717127482096,0.75230029755093,-0.96165491259326,0.27426233624989,0
0.039789356411759,0,1,0,0,0.33060922786978,0.32359365983443,0.72104982070649,-0.96385802773099,0.26641640786281,0
0.042877360944309,1,0,0,0,0.32203375568092,0.34940156069669,0.75230029755093,-0.9652745222583,0.2612376249299,1
-1.9399610854868,1,0,1,0,0.71002597277827,0.0,0.78175020981155,-0.98016728586546,0.19817187418788,0
0.023349008524939,1,0,0,1,0.70535617107329,0.27011981154933,0.90675211718929,-0.97826207022252,0.20737242334495,0
0.03037160173008,1,0,0,0,0.69928185072727,0.29717127482096,0.87550164034485,-0.97608327011191,0.2173969866572,0
0.027537908373007,1,0,0,1,0.69377426905267,0.32359365983443,0.90675211718929,-0.97338589622699,0.22917219950591,0
0.035289841859044,1,0,0,0,0.68671630068086,0.34940156069669,0.87550164034485,-0.97100664396438,0.23905249920682,0
0.042482035268651,1,0,1,0,0.67821989362713,0.37460928252249,0.84425116350042,-0.96945103337149,0.24528492390474,0
0.039865052217821,0,1,0,1,0.67024688318356,0.39923078363592,0.87550164034485,-0.96717676063109,0.25410453300786,0
0.047606532870464,1,0,0,0,0.66072557660947,0.4232796755704,0.84425116350042,-0.96552454083443,0.26031204552702,0
0.054142764459565,1,0,0,0,0.64989702371756,0.44676930976636,0.81300068665599,-0.96479704267957,0.26299556353057,0
0.052458807602012,0,1,0,1,0.63940526219716,0.46971266197436,0.84425116350042,-0.96337111668142,0.26817175754354,0
0.059367374007554,1,0,1,0,0.62753178739565,0.49212241895271,0.81300068665599,-0.9626217738717,0.27084925783191,0
0.064413773106423,1,0,1,0,0.61464903277436,0.51401103626598,0.78175020981155,-0.96311356357666,0.26909526873334,0
0.049200834399416,0,1,0,1,0.60480886589448,0.39279891505386,0.78175020981155,-0.96385802773099,0.26641640786281,0
0.051934683999333,1,0,0,0,0.59442192909461,0.41699738935991,0.78855573357748,-0.96434174037686,0.26466017412322,0
0.054852575299211,1,0,0,0,0.58345141403477,0.44063310912161,0.78826581216144,-0.96479704267957,0.26299556353057,0
0.054839723625608,1,0,0,1,0.57248346930965,0.46371916568641,0.81951628900587,-0.96434174037686,0.26466017412322,0
0.05201960732202,1,0,0,1,0.56207954784524,0.48626836140951,0.85076676585031,-0.9626217738717,0.27084925783191,0
0.038792243900247,0,0,1,0,0.55432109906519,0.36505624019738,0.85076676585031,-0.96115371282855,0.27601365965454,0
0.025781217098606,0,0,1,0,0.54916485564547,0.24384411898526,0.85076676585031,-0.96014174668321,0.27951355293815,0
0.012924687787049,0,0,1,0,0.54657991808806,0.12263199777314,0.85076676585031,-0.95914416548557,0.28291777924866,0
0.00014862779104874,0,0,0,0,0.54655019252985,0.0014198765610204,0.85076676585031,-0.95862720288086,0.2846645146428,0
0.031474199775544,1,0,0,0,0.54025535257474,0.27011981154933,0.81951628900587,-0.95838121547012,0.28549158627534,0
0.031097672573866,1,0,0,1,0.53403581805997,0.29717127482096,0.85076676585031,-0.95733473725072,0.28898131575085,0
0.03747975906938,1,0,0,0,0.5265398662461,0.32359365983443,0.81951628900587,-0.95683460104797,0.29063300954533,0
0.033875650334138,0,0,0,0,0.51976473617927,0.2932906295314,0.81951628900587,-0.95630358798816,0.29237552496912,0
0.039248982234958,0,1,1,0,0.51191493973228,0.31980323791504,0.78826581216144,-0.95683460104797,0.29063300954533,0
0.043364353387739,0,1,1,0,0.50324206905473,0.34569928140351,0.75701533531701,-0.95838121547012,0.28549158627534,0
0.045758470215682,0,1,1,0,0.49409037501159,0.37099309401079,0.72576485847257,-0.96064932363396,0.27776406715344,0
0.045993830244785,0,1,1,0,0.48489160896263,0.39569869185939,0.69451438162814,-0.96385802773099,0.26641640786281,0
0.043702679633838,0,1,1,0,0.47615107303587,0.41982974428119,0.6632639047837,-0.96763804010266,0.25234227419573,0
0.040193356934647,0,0,0,0,0.46811240164894,0.38952671397816,0.6632639047837,-0.97123538986182,0.23812143431442,0
0.047359324577109,1,0,0,0,0.45864053673352,0.41380127993497,0.69451438162814,-0.9742359955635,0.22553098445312,0
0.053311138224735,1,0,0,1,0.44797830908857,0.43751132849491,0.72576485847257,-0.97629125139987,0.21646106448986,0
0.052275924621988,1,0,1,0,0.43752312416417,0.46066997990464,0.69451438162814,-0.97883486291948,0.20465168245926,0
0.058550022887328,0,0,0,1,0.42581311958671,0.48329006541859,0.72576485847257,-0.98071449018441,0.19544587164312,0
0.054732857829994,0,0,0,0,0.41486654802071,0.45298703511556,0.72576485847257,-0.98214865077766,0.18810642672599,0
0.053178728007222,1,0,1,0,0.40423080241926,0.47578577561812,0.69451438162814,-0.98423081793822,0.17688893979178,0
0.059717838248325,0,0,0,1,0.3922872347696,0.4980543309992,0.72576485847257,-0.98570434408191,0.16848426056473,0
0.045034730312057,0,0,0,1,0.38328028870719,0.37684220978708,0.72576485847257,-0.98679735674467,0.16195979970885,0
0.049682795815064,1,0,0,1,0.37334372954417,0.4014117789991,0.75701533531701,-0.98741121619642,0.15817423977853,0
0.050573074161464,1,0,1,0,0.36322911471188,0.42540995279948,0.72576485847257,-0.98843598716723,0.15163871297511,0
0.048827619436572,0,1,0,0,0.35346359082457,0.44885002483021,0.69451438162814,-0.98984437653504,0.14215523290392,0
0.055482338529872,1,0,0,0,0.34236712311859,0.47174499974106,0.72576485847257,-0.99090558371809,0.13455899879349,0
0.05272685716693,0,1,1,0,0.33182175168521,0.49410750649192,0.69451438162814,-0.99226954840444,0.12410134289867,0
0.039321071408451,0,0,0,1,0.32395753740352,0.3728953852798,0.69451438162814,-0.99341375036899,0.1145823746386,0
0.026293721645599,0,0,0,1,0.3186987930744,0.25168326406768,0.69451438162814,-0.99427362044074,0.1068642489126,1
-1.9566358985194,1,0,0,0,0.71002597277827,0.0,0.78175020981155,-0.98016728586546,0.19817187418788,0
0.034067882411505,1,0,0,0,0.70321239629597,0.27011981154933,0.78175020981155,-0.98016728586546,0.19817187418788,0
0.037475305989511,1,0,0,0,0.69571733509807,0.29717127482096,0.78175020981155,-0.98016728586546,0.19817187418788,0
0.040800995889932,1,0,0,0,0.68755713592008,0.32359365983443,0.78175020981155,-0.98016728586546,0.19817187418788,0
0.044046962892543,1,0,0,0,0.67874774334157,0.34940156069669,0.78175020981155,-0.98016728586546,0.19817187418788,0
0.047217025183998,1,0,0,0,0.66930433830478,0.37460928252249,0.78175020981155,-0.98016728586546,0.19817187418788,0
0.04961571921012,1,0,1,0,0.65938119446275,0.39923078363592,0.75049973296712,-0.98090142365799,0.19450551937087,0
0.053336654377574,1,0,0,0,0.64871386358724,0.4232796755704,0.78130769817655,-0.98108745548058,0.19356498830789,0
0.056283109769041,1,0,0,0,0.63745724163343,0.44676930976636,0.78130769817655,-0.98108745548058,0.19356498830789,0
0.057715691530903,1,0,0,1,0.62591410332725,0.46971266197436,0.81255817502098,-0.98033791897245,0.19732603635803,0
0.056465453358601,0,1,0,1,0.61462101265553,0.49212241895271,0.84380865186542,-0.97883486291948,0.20465168245926,0
0.042401973614727,0,1,0,1,0.60614061793258,0.37091029774059,0.84380865186542,-0.97747983989876,0.21102881933871,0
0.048355866656742,1,0,1,0,0.59646944460123,0.39561780293783,0.81255817502098,-0.97668394331604,0.21468226491408,0
0.047708648396542,0,1,0,0,0.58692771492192,0.41975073380904,0.84380865186542,-0.97526357190873,0.22104516576442,0
0.053988273812164,0,0,1,0,0.57613006015949,0.44332241289543,0.81255817502098,-0.97464521291868,0.2237559137424,0
0.058466797362957,1,0,0,0,0.5644367006869,0.46634593154445,0.7842832074464,-0.97464521291868,0.2237559137424,0
0.0546398741236,0,0,0,0,0.55350872586218,0.43604290124142,0.7842832074464,-0.97485929150465,0.22282136739337,0
0.050817098594713,0,0,0,0,0.54334530614324,0.40573987093839,0.7842832074464,-0.97485929150465,0.22282136739337,0
0.053618113114336,1,0,1,0,0.53262168352037,0.42963738874956,0.75303273060197,-0.9756646160617,0.21926823063358,0
0.054072294888771,0,0,1,0,0.52180722454262,0.45297914562803,0.72178225375753,-0.97747983989876,0.21102881933871,0
0.059254693346644,1,0,0,1,0.50995628587329,0.47577808842515,0.75303273060197,-0.97863820273672,0.20559004874807,0
0.062311162670308,0,1,0,1,0.49749405333923,0.49804681720156,0.7842832074464,-0.97883486291948,0.20465168245926,0
0.064648981949643,1,0,1,0,0.4845642569493,0.51979764302572,0.75303273060197,-0.97959323884929,0.20099026444274,0
0.067678211127862,1,0,0,0,0.47102861472373,0.54104267467152,0.78161287861448,-0.97997683760254,0.19911152091863,0
0.070218558831081,1,0,0,0,0.45698490295751,0.56179364522298,0.78146028839551,-0.98016728586546,0.19817187418788,0
0.072677825863377,1,0,0,0,0.44244933778483,0.5820619987719,0.78130769817655,-0.98016728586546,0.19817187418788,0
0.075062514194116,1,0,0,0,0.42743683494601,0.60185900601474,0.78130769817655,-0.98033791897245,0.19732603635803,0
0.059876226517736,0,0,0,0,0.41546158964246,0.48064688480262,0.78130769817655,-0.98033791897245,0.19732603635803,0
0.062076061046896,0,1,0,0,0.40304637743308,0.50280235752915,0.75005722133211,-0.98108745548058,0.19356498830789,0
0.047036715487283,0,0,0,0,0.39363903433563,0.38159023631703,0.75005722133211,-0.98180436111148,0.18989522506498,0
0.032055790789129,0,0,0,0,0.3872278761778,0.26037811510491,0.75005722133211,-0.98250754002177,0.18622280687491,0
0.017118940965392,0,0,0,0,0.38380408798472,0.13916599389279,0.75005722133211,-0.98303910002573,0.18339609543445,0
0.0022071791790243,0,0,0,0,0.38336265214892,0.017953872680664,0.75005722133211,-0.98337154864043,0.18160505864242,0
0.033535227199534,1,0,0,1,0.37665560670901,0.27011981154933,0.78130769817655,-0.98337154864043,0.18160505864242,0
0.036496764814742,1,0,1,0,0.36935625374606,0.29717127482096,0.75005722133211,-0.98388982325413,0.17877588119477,0
0.037703390835866,0,1,0,0,0.36181557557889,0.32359365983443,0.71880674448768,-0.98505095824098,0.17226319882241,0
0.0427504529206,0,1,0,1,0.35326548499477,0.34940156069669,0.75005722133211,-0.98570434408191,0.16848426056473,0
0.046347635293414,0,1,0,1,0.34399595793609,0.37460928252249,0.78130769817655,-0.98584935836109,0.16763365598536,0
0.048686722592872,0,1,1,0,0.33425861341751,0.39923078363592,0.75005722133211,-0.98648498402907,0.16385168990636,0
0.044883436088112,0,0,0,0,0.32528192619989,0.36892775333289,0.75005722133211,-0.98710610117885,0.16006731401346,0
0.048490412765424,0,1,0,1,0.31558384364681,0.39368138168797,0.78130769817655,-0.98725911243514,0.15912085002845,0
0.050080530477217,0,1,0,1,0.30556773755136,0.41785933754661,0.81255817502098,-0.98679735674467,0.16195979970885,0
0.054129285023364,1,0,1,0,0.29474188054669,0.44147500124845,0.78130769817655,-0.98679735674467,0.16195979970885,0
0.050282319181243,0,0,0,0,0.28468541671044,0.41117197094542,0.78130769817655,-0.98679735674467,0.16195979970885,0
0.051588206801936,0,1,0,0,0.27436777535005,0.43494317025849,0.81255817502098,-0.98632743742413,0.16479740951953,0
0.055656651896604,0,1,1,0,0.26323644497073,0.45816155635949,0.78130769817655,-0.98632743742413,0.16479740951953,1
-2.2339476390377,1,0,1,0,0.71002597277827,0.0,0.78175020981155,-0.98016728586546,0.19817187418788,0
0.00076049573001062,0,0,1,0,0.70987387363227,0.27011981154933,0.53174639505608,-0.98303910002573,0.18339609543445,0
5.0609527248141e-05,0,0,1,0,0.70986375172682,0.29717127482096,0.5302510109102,-0.98616898418058,0.16574297764984,0
0.0075763005521773,1,0,0,1,0.70834849161639,0.32359365983443,0.56150148775463,-0.98901025319023,0.14784694479293,0
-0.00095882536580059,0,1,0,1,0.70854025668955,0.34940156069669,0.5302510109102,-0.99178632282282,0.12790578509823,0
-0.010818647505707,0,1,0,1,0.71070398619069,0.37460928252249,0.49900053406577,-0.99417070710622,0.10781746209182,0
-0.021472725432763,0,1,0,0,0.71499853127724,0.39923078363592,0.46775005722133,-0.99615665312396,0.087589510998039,0
-0.032289832416229,0,1,0,1,0.72145649776049,0.4232796755704,0.4364995803769,-0.99773107289501,0.067325375452151,0
-0.042607165081615,0,1,0,1,0.72997793077681,0.44676930976636,0.40524910353246,-0.99880598122018,0.048852961822039,0
-0.051783522493725,0,1,0,1,0.74033463527555,0.46971266197436,0.37399862668803,-0.99947885255034,0.032280385757422,0
-0.051341426131976,0,1,1,0,0.75060292050195,0.49212241895271,0.38942549782559,-0.99989135605717,0.01474028772315,0
-0.05993637741758,0,1,0,1,0.76259019598547,0.51401103626598,0.35817502098116,-0.99999829688302,-0.0018455977492706,0
-0.066365486704789,0,1,0,1,0.77586329332642,0.53539062268806,0.32692454413672,-0.99990700042754,-0.013637833258953,0
-0.070260607127611,0,1,0,1,0.78991541475194,0.55627302689986,0.29567406729229,-0.99974996066276,-0.022361041004533,0
-0.054959640780223,1,0,0,0,0.80090734290799,0.43506090568774,0.29567406729229,-0.9995745843012,-0.029165911936404,0
-0.03965106304111,1,0,0,1,0.80883755551621,0.31384878447562,0.29567406729229,-0.99945221409414,-0.033094889972928,0
-0.024339426131303,1,0,0,0,0.81370544074247,0.19263666326349,0.29567406729229,-0.9993144005085,-0.037023356632412,0
-0.0090239817581549,1,0,0,0,0.8155102370941,0.071424542051373,0.29567406729229,-0.99924157091933,-0.038939477997002,0
0.033027246917988,1,0,0,0,0.80890478771051,0.27011981154933,0.75622186617838,-0.99927844498554,-0.037981434771099,0
0.029303679087965,0,0,0,0,0.80304405189291,0.2398167812463,0.75622186617838,-0.99934943745515,-0.036065244461616,0
0.033738466480424,1,0,0,1,0.79629635859683,0.26757298093854,0.78747234302281,-0.99951383627475,-0.031178375443959,0
0.036886694013817,0,1,0,1,0.78891901979406,0.29468368761467,0.81872281986725,-0.99974996066276,-0.022361041004533,0
0.038332687768928,0,1,0,1,0.78125248224028,0.32116389997078,0.84997329671168,-0.99995288385096,-0.0097072178376076,0
0.043402462483387,0,1,1,0,0.7725719897436,0.34702829881148,0.81872281986725,-0.99999999741473,7.1906446574866e-05,0
0.046940589436141,1,0,1,0,0.76318387185637,0.37229121815075,0.78747234302281,-0.99997633942843,0.0068789958074775,0
0.048715246594821,1,0,0,0,0.75344082253741,0.39696661631266,0.75886167696651,-0.99996046259984,0.008892313372659,0
0.053110276774117,1,0,0,1,0.74281876718259,0.4210681626291,0.79011215381094,-0.99989135605717,0.01474028772315,0
0.055457098837114,1,0,0,1,0.73172734741516,0.44460920854048,0.82136263065537,-0.99972469848175,0.023463317019949,0
0.058965033232622,1,0,0,0,0.71993434076864,0.46760278759581,0.79011215381094,-0.99953891286684,0.030363821646499,0
0.061087577839813,0,1,0,1,0.70771682520068,0.49006161545262,0.82136263065537,-0.9991980302381,0.04004118340274,0
0.057273788182904,0,0,0,0,0.69626206756409,0.45975858514959,0.82136263065537,-0.99880598122018,0.048852961822039,0
0.056957978605833,1,0,0,1,0.68487047184293,0.48239985379306,0.85261310749981,-0.99810775278269,0.061489135911106,0
0.053770634342066,0,1,0,1,0.67411634497452,0.50451457861698,0.88386358434424,-0.99703236705324,0.076983498544886,0
0.061688229639757,1,0,0,0,0.66177869904656,0.52611501289136,0.85261310749981,-0.99589192601077,0.09054982996422,0
0.057608763804587,1,0,0,1,0.65025694628565,0.547213120894,0.88386358434424,-0.99427362044074,0.1068642489126,0
0.050235857984419,0,1,0,1,0.64020977468876,0.56782057791045,0.91511406118868,-0.99215010988447,0.12505262674664,0
0.06067224751648,1,0,1,0,0.62807532518547,0.58794877023408,0.88386358434424,-0.98984437653504,0.14215523290392,0
0.069666821275729,1,0,0,0,0.61414196093032,0.60760885296446,0.85261310749981,-0.98799574713458,0.15448107859535,0
0.076679893737071,1,0,0,0,0.59880598218291,0.6268117500074,0.82136263065537,-0.98679735674467,0.16195979970885,0
0.081153717226849,1,0,0,0,0.58257523873754,0.64556803847804,0.79011215381094,-0.98648498402907,0.16385168990636,0
0.080977963277792,1,0,0,1,0.56637964608198,0.66388817989465,0.82136263065537,-0.98537946269548,0.17037404291136,0
0.06604701437564,0,1,0,1,0.55317024320685,0.54267605868253,0.82136263065537,-0.98438308497248,0.17603960355572,0
0.070664247767551,1,0,1,0,0.53903739365334,0.56338899785822,0.79011215381094,-0.98406077287371,0.17783249222567,0
0.072612629309269,0,0,1,0,0.52451486779149,0.58362024480646,0.75886167696651,-0.98471883192626,0.17415172135179,0
0.075677108810538,1,0,0,0,0.50937944602938,0.60338101242528,0.77512779430838,-0.98488534774013,0.17320753969385,0
0.060433376074677,0,1,0,1,0.49729277081444,0.48216889121316,0.77512779430838,-0.98505095824098,0.17226319882241,1
-1.0636660098191,1,0,0,0,0.71002597277827,0.0,0.78175020981155,-0.98016728586546,0.19817187418788,0
-0.024823754887829,0,1,0,1,0.71499072375584,0.27011981154933,0.15674067292287,-0.97806280178596,0.20831023921688,0
-0.03192144240804,0,1,1,0,0.72137501223745,0.29717127482096,0.1879911497673,-0.97608327011191,0.2173969866572,0
-0.030391517855221,0,1,0,1,0.72745331580849,0.32359365983443,0.15867856870375,-0.9731657294422,0.23010533031471,0
-0.026745223627705,1,0,0,1,0.73280236053403,0.34940156069669,0.12742809185931,-0.96945103337149,0.24528492390474,0
-0.021242107836661,1,0,0,1,0.73705078210136,0.37460928252249,0.096177615014878,-0.96479704267957,0.26299556353057,0
-0.031432835733261,0,1,0,1,0.74333734924802,0.39923078363592,0.12742809185931,-0.95990020335633,0.28034193335368,0
-0.041180202808851,0,1,0,1,0.75157338980979,0.4232796755704,0.15867856870375,-0.95497639919496,0.29668177729786,0
-0.045537232892058,0,1,0,1,0.7606808363882,0.44676930976636,0.16661326009003,-0.95013387738974,0.31184229193029,0
-0.048562289782371,0,1,0,1,0.77039329434467,0.46971266197436,0.16835278858625,-0.94451659356586,0.32846370344186,0
-0.057062511414174,0,1,1,0,0.78180579662751,0.49212241895271,0.19960326543069,-0.9395641220587,0.34237298453597,0
-0.054496363755688,0,1,0,1,0.79270506937864,0.51401103626598,0.17178606851301,-0.9335847212578,0.35835676111105,0
-0.041861262583763,1,0,0,0,0.8010773218954,0.39279891505386,0.17178606851301,-0.92769180217028,0.37334691666875,0
-0.038358766091914,1,0,0,1,0.80874907511378,0.41699738935991,0.14053559166857,-0.92069985039561,0.39027142539713,0
-0.047442266796245,0,1,0,1,0.81823752847303,0.44063310912161,0.17178606851301,-0.9138279577981,0.40610154339347,0
-0.051532286341003,0,1,0,1,0.82854398574123,0.46371916568641,0.1792172121767,-0.90676477878781,0.42163685316857,0
-0.047614641894946,1,0,0,0,0.83806691412022,0.48626836140951,0.14796673533227,-0.89788148051245,0.44023726211303,0
-0.035985317231852,0,0,1,0,0.84526397756659,0.36505624019738,0.14796673533227,-0.88984473052449,0.45626347164527,0
-0.024148267261926,0,0,1,0,0.85009363101897,0.24384411898526,0.14796673533227,-0.88341601400759,0.46858952847342,0
-0.012178244373141,0,0,1,0,0.8525292798936,0.12263199777314,0.14796673533227,-0.87911144621393,0.47661626612574,0
-0.00014137762356698,0,0,1,0,0.85255755541832,0.0014198765610204,0.14796673533227,-0.87663210707223,0.48116125036219,0
-0.03047707284945,0,1,0,1,0.85865296998821,0.27011981154933,0.1792172121767,-0.87155600087376,0.49029596912574,0
-0.029686451471866,1,0,0,0,0.86459026028258,0.29717127482096,0.14796673533227,-0.86460778171515,0.50244739405991,0
-0.03668430363635,0,1,0,1,0.87192712100985,0.32359365983443,0.1792172121767,-0.85798304013661,0.51367801475043,0
-0.041035056937887,0,1,0,1,0.88013413239743,0.34940156069669,0.19128709849699,-0.85091038429069,0.52531087739192,0
-0.044223935802432,0,1,0,1,0.88897891955791,0.37460928252249,0.19272144655528,-0.8434740724635,0.53716988847276,0
-0.047367016986157,0,1,0,1,0.89845232295514,0.39923078363592,0.19426260776684,-0.83560925762101,0.54932428362312,0
-0.050490507330267,0,1,0,1,0.9085504244212,0.4232796755704,0.19591058213169,-0.82659930426004,0.56279089384675,0
-0.053594396949502,0,1,0,1,0.9192693038111,0.44676930976636,0.19780270084688,-0.81720660690467,0.5763448287539,0
-0.056648496600394,0,1,0,1,0.93059900313118,0.46971266197436,0.19978637369345,-0.80747858680063,0.58989688239424,1
1.1028651517645,1,0,0,1,0.71002597277827,0.0,0.78175020981155,-0.98016728586546,0.19817187418788,0
0.0,0,0,0,0,0.71002597277827,0.0,0.78175020981155,-0.98016728586546,0.19817187418788,0
0.023349008524939,1,0,0,1,0.70535617107329,0.27011981154933,0.90675211718929,-0.97826207022252,0.20737242334495,0
0.025308397498765,1,0,0,1,0.70029449157353,0.29717127482096,0.90780498970016,-0.9756646160617,0.21926823063358,0
0.020833962954104,0,1,0,1,0.69612769898271,0.32359365983443,0.93905546654459,-0.97232093918538,0.23364929107887,0
0.014202127368634,0,1,0,1,0.69328727350898,0.34940156069669,0.97030594338903,-0.96809610862718,0.25057917802743,0
0.02316346903378,1,0,1,0,0.68865457970223,0.37460928252249,0.93905546654459,-0.96408755356529,0.26558461751483,0
0.030930930768593,1,0,0,1,0.68246839354851,0.39923078363592,0.91355764095521,-0.96014174668321,0.27951355293815,0
0.031879365714274,1,0,0,1,0.67609252040566,0.4232796755704,0.91488517586023,-0.95630358798816,0.29237552496912,0
0.032618990637766,1,0,0,1,0.6695687222781,0.44676930976636,0.91633478294041,-0.95202944837085,0.30600642057756,0
0.029822401756407,0,0,0,0,0.66360424192682,0.41646627946333,0.91633478294041,-0.94792807318826,0.31848448637507,0
0.027135196212719,0,0,0,0,0.65817720268428,0.3861632491603,0.91633478294041,-0.94394833956772,0.33009321748157,0
0.024554226731912,0,0,0,0,0.65326635733789,0.35586021885727,0.91633478294041,-0.94015357444086,0.34075101829058,0
0.022075623733094,0,0,0,0,0.64885123259128,0.32555718855424,0.91633478294041,-0.93630583728564,0.35118567605306,0
0.019693593469518,0,0,0,0,0.64491251389737,0.29525415825121,0.91633478294041,-0.93296489547873,0.35996736491572,0
0.017402563693341,0,0,0,0,0.6414320011587,0.26495112794818,0.91633478294041,-0.92989467295661,0.36782590611173,0
0.015195670480096,0,0,0,0,0.63839286706268,0.23464809764515,0.91633478294041,-0.92708205976021,0.37485844591094,0
0.02264617446381,0,1,1,0,0.63386363216992,0.27011981154933,0.88508430609598,-0.92483743562175,0.38036261340013,0
0.029709292947635,0,1,1,0,0.6279217735804,0.29717127482096,0.85383382925154,-0.92388641171346,0.38266682407968,0
0.036441734318862,0,1,1,0,0.62063342671662,0.32359365983443,0.82258335240711,-0.92388641171346,0.38266682407968,0
0.03453849880527,1,0,0,1,0.61372572695557,0.34940156069669,0.85383382925154,-0.92292964692899,0.38496865693136,0
0.030232078277226,1,0,0,1,0.60767931130012,0.37460928252249,0.88508430609598,-0.92069985039561,0.39027142539713,0
0.038758212563687,1,0,1,0,0.59992766878739,0.39923078363592,0.85383382925154,-0.91908308366223,0.39406380869846,0
0.035496801693219,0,0,0,0,0.59282830844874,0.36892775333289,0.85383382925154,-0.9177555775978,0.39714569088451,0
0.032301293748678,0,0,0,0,0.58636804969901,0.33862472302986,0.85383382925154,-0.91645610464043,0.40013523747264,0
0.02916948254222,0,0,0,0,0.58053415319056,0.30832169272683,0.85383382925154,-0.91545581847984,0.40241849412199,0
0.036267038242281,0,1,1,0,0.57328074554211,0.3344847650239,0.82258335240711,-0.91545581847984,0.40241849412199,0
0.042659549444082,0,1,1,0,0.56474883565329,0.3600393931071,0.79133287556268,-0.91680103105776,0.39934429938516,0
0.047861634239564,0,1,1,0,0.55517650880538,0.38499970869585,0.76008239871824,-0.9193850610557,0.39335875420233,0
0.051393464885678,0,1,1,0,0.54489781582824,0.40937955451734,0.72883192187381,-0.92359263372796,0.38337533426585,0
0.047571233207988,0,0,0,0,0.53538356918664,0.37907652421431,0.72883192187381,-0.92769180217028,0.37334691666875,0
0.049156906302661,1,0,1,0,0.52555218792611,0.4035941326257,0.69758144502937,-0.93234229111691,0.36157689665529,0
0.045396087408646,0,0,0,0,0.51647297044438,0.37329110232267,0.69758144502937,-0.93721178967856,0.34876075078412,0
0.049851458926007,1,0,0,1,0.50650267865918,0.39794323661111,0.72883192187381,-0.94103250248228,0.33831616761832,0
0.051194342945976,1,0,1,0,0.49626381006999,0.42202206813928,0.69758144502937,-0.94536369968709,0.32601759969967,0
0.055736635917742,1,0,0,1,0.48511648288644,0.44554094834761,0.72883192187381,-0.94902167692767,0.31521081314162,0
0.056655146296964,1,0,1,0,0.47378545362705,0.46851285298665,0.69758144502937,-0.95310897845526,0.3026272875799,0
0.061303069648603,1,0,0,1,0.46152483969732,0.4909505555124,0.72883192187381,-0.95655551616646,0.29155024351133,0
0.063658085778839,1,0,0,1,0.44879322254156,0.51286645369096,0.76008239871824,-0.95862720288086,0.2846645146428,0
0.063218313752212,1,0,0,1,0.43614955979111,0.53427268519546,0.79133287556268,-0.95938793173274,0.28209005024207,0
0.059538546583047,1,0,0,1,0.42424185047451,0.55518109870679,0.82258335240711,-0.95862720288086,0.2846645146428,0
0.052304119523117,1,0,0,1,0.41378102656988,0.57560325391365,0.85383382925154,-0.95655551616646,0.29155024351133,0
0.041416588045408,1,0,0,1,0.4054977089608,0.59555047931093,0.88508430609598,-0.95339868506422,0.30171335289942,0
0.027088943109276,1,0,0,1,0.40007992033894,0.61503381440134,0.91633478294041,-0.94847628744757,0.31684812158142,0
0.022413742820051,1,0,0,1,0.39559717177493,0.63406400969534,0.9219348439765,-0.94280339939035,0.33334929143167,0
0.018908653338173,1,0,0,1,0.3918154411073,0.65265164230809,0.92407110704204,-0.93691050305619,0.34956931968209,1
-1.5910526583549,0,0,0,0,0.71002597277827,0.0,0.78175020981155,-0.98016728586546,0.19817187418788,0
0.0,0,0,0,0,0.71002597277827,0.0,0.78175020981155,-0.98016728586546,0.19817187418788,0
0.0,0,0,0,0,0.71002597277827,0.0,0.78175020981155,-0.98016728586546,0.19817187418788,0
-0.023525429400566,0,1,1,0,0.71473105865839,0.27011981154933,0.40674448767834,-0.98214865077766,0.18810642672599,0
-0.030819163622387,0,1,0,1,0.72089489138286,0.29717127482096,0.37549401083391,-0.98406077287371,0.17783249222567,0
-0.037541556431438,0,1,0,1,0.72840320266915,0.32359365983443,0.34424353398947,-0.98554235634718,0.16942922960827,0
-0.036516436998139,0,1,1,0,0.73570649006878,0.34940156069669,0.37549401083391,-0.98741121619642,0.15817423977853,0
-0.043684107525863,0,0,0,1,0.74444331157395,0.37460928252249,0.34424353398947,-0.98886805001366,0.14879509286999,0
-0.049468464731131,1,0,0,1,0.75433700452018,0.39923078363592,0.31299305714504,-0.98984437653504,0.14215523290392,0
-0.053447598866984,1,0,0,1,0.76502652429357,0.4232796755704,0.2817425803006,-0.99024915665923,0.13930760114111,0
-0.055302370296199,1,0,0,1,0.77608699835281,0.44676930976636,0.25049210345617,-0.98998021328071,0.14120615182309,0
-0.054839351702142,1,0,0,1,0.78705486869324,0.46971266197436,0.21924162661173,-0.98886805001366,0.14879509286999,0
-0.051980791360069,1,0,0,1,0.79745102696526,0.49212241895271,0.1879911497673,-0.9869521825682,0.16101363086354,0
-0.039374863102915,0,0,1,0,0.80532599958584,0.37091029774059,0.1879911497673,-0.98488534774013,0.17320753969385,0
-0.026598947726081,1,0,0,1,0.81064578913106,0.24969817652847,0.1879911497673,-0.98303910002573,0.18339609543445,0
-0.013715380792472,1,0,0,1,0.81338886528955,0.12848605531635,0.1879911497673,-0.98162184735398,0.19083644514965,0
-0.00077708057918576,1,0,0,1,0.81354428140539,0.0072739341042259,0.1879911497673,-0.98090142365799,0.19450551937087,0
0.023694485850925,1,0,0,1,0.8088053842352,0.27011981154933,0.90525673304341,-0.97863820273672,0.20559004874807,0
0.030713078759591,0,1,1,0,0.80266276848328,0.29717127482096,0.87400625619898,-0.9764776672761,0.21561856439331,0
0.027479410945309,0,0,0,0,0.79716688629422,0.26686824451793,0.87400625619898,-0.97464521291868,0.2237559137424,0
0.025329954768069,1,0,0,1,0.79210089534061,0.29399533705278,0.90525673304341,-0.97189370362375,0.23542011141044,0
0.02665362581714,1,0,0,1,0.78677017017718,0.32049155957771,0.9089951934081,-0.96876530113341,0.24797941712952,0
0.023924401798963,0,0,0,0,0.78198528981739,0.29018852927468,0.9089951934081,-0.96574879873292,0.25947881945532,0
0.025460940109204,1,0,0,1,0.77689310179555,0.31677329901493,0.91136034180209,-0.9626217738717,0.27084925783191,0
0.033321216962011,0,1,1,0,0.77022885840314,0.34273979880593,0.88010986495766,-0.95990020335633,0.28034193335368,0
0.040738755112495,1,0,1,0,0.76208110738065,0.36810244935932,0.84885938811322,-0.95785956560982,0.28723692758725,0
0.037748453434705,1,0,0,1,0.7545314166937,0.39287526679761,0.88010986495766,-0.95526040467296,0.2957660549557,0
0.045761740073785,0,1,1,0,0.74537906867895,0.41707197825114,0.84885938811322,-0.95310897845526,0.3026272875799,0
0.052682989563218,0,1,1,0,0.7348424707663,0.44070596405954,0.81760891126879,-0.95232239522809,0.30509351934616,0
0.050507067136276,1,0,0,1,0.72474105733905,0.46379031557025,0.84885938811322,-0.95096759570053,0.30929052996746,0
0.045479255830495,1,0,0,1,0.71564520617295,0.48633783513849,0.88010986495766,-0.94792807318826,0.31848448637507,0
0.033820752672722,0,1,1,0,0.70888105563841,-0.36512571392637,0.41835660334173,-0.94792807318826,0.31848448637507,0
0.022514058673887,0,1,1,0,0.70437824390363,-0.33179236903335,0.41921110856794,-0.94792807318826,0.31848448637507,0
0.019746614020694,0,1,1,0,0.70042892109949,-0.29845902414033,0.42037079423209,-0.94820253331347,0.31766642223867,0
0.017112740414896,0,1,1,0,0.69700637301651,-0.26512567924731,0.4212252994583,-0.94874933538674,0.31602958501258,0
0.014646556376205,0,1,1,0,0.69407706174127,-0.2317923488039,0.42207980468452,-0.94929331186759,0.31439180657815,0
0.012290068487713,0,1,1,0,0.69161904804373,-0.19845901836048,0.42278171969177,-0.95013387738974,0.31184229193029,0
0.010035546530504,0,1,1,0,0.68961193873763,-0.16512568791707,0.42334630350195,-0.95096759570053,0.30929052996746,0
0.0078939612191649,0,1,1,0,0.68803314649379,-0.13179235747366,0.42392614633402,-0.95202944837085,0.30600642057756,0
0.0058226057695195,0,1,1,0,0.68686862533989,-0.098459027030251,0.42433813992523,-0.95310897845526,0.3026272875799,0
0.0051758201709652,1,0,0,1,0.6858334613057,-0.06512569658684,0.3930876630808,-0.95446297740279,0.29832938971447,0
0.0030826133069485,0,1,0,1,0.68521693864431,-0.031792362531026,0.36183718623636,-0.95526040467296,0.2957660549557,0
0.0001446660022719,0,0,0,0,0.68518800544385,-0.0014893322279959,0.36183718623636,-0.95630358798816,0.29237552496912,0
0.0,0,0,0,0,0.68518800544385,0.0,0.36183718623636,-0.95887247653872,0.28383723106122,0
0.0,0,0,0,0,0.68518800544385,0.0,0.36183718623636,-0.96238770584471,0.27167978143202,0
-0.029625388566322,0,1,0,1,0.69111308315712,0.27011981154933,0.16871900511177,-0.96165491259326,0.27426233624989,1
-0.094564448105786,0,1,1,0,0.71002597277827,0.0,0.78175020981155,-0.98016728586546,0.19817187418788,0
-0.023525429400566,0,1,1,0,0.71473105865839,0.27011981154933,0.40674448767834,-0.98214865077766,0.18810642672599,0
-0.026285725992308,0,1,1,0,0.71998820385685,0.29717127482096,0.40570687418936,-0.98455141095241,0.17509574292833,0
-0.02907127823958,0,1,1,0,0.72580245950476,0.32359365983443,0.40434882124056,-0.9869521825682,0.16101363086354,0
-0.025076512381521,1,0,0,1,0.73081776198107,0.34940156069669,0.43559929808499,-0.98943140757322,0.14500168863729,0
-0.034271662812058,0,1,1,0,0.73767209454348,0.37460928252249,0.40434882124056,-0.99166323700657,0.12885660390394,0
-0.037827053789992,0,1,1,0,0.74523750530148,0.39923078363592,0.39967956054017,-0.99363163623418,0.11267728908077,0
-0.032882014729277,1,0,1,0,0.75181390824733,0.4232796755704,0.4309300373846,-0.99553734388005,0.094368410711712,0
-0.02599038409509,1,0,1,0,0.75701198506635,0.44676930976636,0.46218051422904,-0.99739686823971,0.072107469971067,0
-0.017341749912329,1,0,1,0,0.76048033504882,0.46971266197436,0.49343099107347,-0.99885236006375,0.047895331662569,0
-0.0071994618334613,1,0,0,0,0.76192022741551,0.49212241895271,0.52468146791791,-0.99972469848175,0.023463317019949,0
0.0041153645583314,1,0,0,0,0.76109715450384,0.51401103626598,0.55593194476234,-0.99999829688302,-0.0018455977492706,0
0.0023944260416945,0,1,0,1,0.7606182692955,0.39279891505386,0.55593194476234,-0.99974996066276,-0.022361041004533,0
0.0012721717718075,0,1,0,1,0.76036383494114,0.27158679384174,0.55593194476234,-0.99924157091933,-0.038939477997002,0
0.00056954446651896,0,0,0,1,0.76024992604784,0.15037467262962,0.55593194476234,-0.99866876468837,-0.051581958433289,0
9.8382109673769e-05,0,1,0,1,0.7602302496259,0.029162551417495,0.55593194476234,-0.99817494189462,-0.060388619570841,0
-0.016212038507266,0,1,0,1,0.76347265732736,0.27011981154933,0.12997634851606,-0.99871776002726,-0.050624458576252,0
-0.018312940447814,0,1,0,1,0.76713524541692,0.29717127482096,0.13090714885176,-0.9993144005085,-0.037023356632412,0
-0.020479323441324,0,1,0,1,0.77123111010518,0.32359365983443,0.13199053940642,-0.99974996066276,-0.022361041004533,0
-0.022767557796281,0,1,0,1,0.77578462166444,0.34940156069669,0.13307392996109,-0.99997731837589,-0.0067351862462577,0
-0.02513089979144,0,1,0,1,0.78081080162273,0.37460928252249,0.13447775997559,-0.99996046259984,0.008892313372659,0
-0.01846164850442,1,0,0,0,0.78450313132361,0.39923078363592,0.10322728313115,-0.99959802083683,0.028351309301235,0
-0.010164800626712,1,0,0,0,0.78653609144896,0.4232796755704,0.071976806286717,-0.99871046924961,0.05076808654288,0
-0.00050459503222511,1,0,0,0,0.7866370104554,0.44676930976636,0.040726329442283,-0.99710571693368,0.0760275559135,0
0.01019385473745,1,0,0,0,0.78459823950791,0.46971266197436,0.0094758525978485,-0.99487190439709,0.10114293767395,0
-0.0024352078576652,0,1,0,1,0.78508528107944,0.49212241895271,0.040726329442283,-0.99178632282282,0.12790578509823,0
-0.016164738949631,0,0,1,0,0.78831822886937,0.51401103626598,0.071976806286717,-0.98814340216495,0.15353376422754,0
-0.030252435526121,0,0,1,0,0.79436871597459,0.53539062268806,0.10322728313115,-0.98406077287371,0.17783249222567,0
-0.019668010853565,0,0,0,1,0.79830231814531,0.55627302689986,0.071976806286717,-0.97883486291948,0.20465168245926,0
-0.0076371317314336,0,0,0,1,0.79982974449159,0.57666975079161,0.040726329442283,-0.97252218786941,0.23281021047561,0
-0.0065353931836696,0,0,0,1,0.80113682312833,0.59659218065666,0.034714274814984,-0.96504874690314,0.26207044110446,0
-0.0062232501408543,0,0,1,0,0.8023814731565,0.47538005944454,0.034714274814984,-0.95785956560982,0.28723692758725,0
-0.005219497469659,0,0,1,0,0.80342537265043,0.35416793823242,0.034714274814984,-0.95149993892786,0.30764893339694,0
-0.003703541867769,0,0,1,0,0.80416608102398,0.2329558170203,0.034714274814984,-0.94651425891392,0.32266198671772,0
-0.0018524832743144,0,0,1,0,0.80453657767885,0.11174369580818,0.034714274814984,-0.94251540888404,0.33416269093983,0
0.006462320744468,0,0,1,0,0.80324411352995,0.27011981154933,0.54465552758068,-0.94734633984871,0.32021073119939,0
0.013864176861828,1,0,0,1,0.80047127815759,0.29717127482096,0.57590600442512,-0.95365867172327,0.30089057454001,0
0.021917055407754,1,0,0,1,0.79608786707604,0.32359365983443,0.60715648126955,-0.95963098366063,0.28126211120329,0
0.03020652068197,1,0,0,1,0.79004656293964,0.34940156069669,0.63840695811398,-0.96504874690314,0.26207044110446,0
0.024656228894614,0,0,1,0,0.78511531716072,0.37460928252249,0.60715648126955,-0.97033823421634,0.24175134170861,0
0.022289038380929,0,0,0,0,0.78065750948453,0.34430625221946,0.60715648126955,-0.97505119607466,0.22198010053463,0
0.015182290241742,0,0,1,0,0.77762105143619,0.36963246085427,0.57590600442512,-0.97978548853852,0.20005098462477,0
0.0060981751374033,0,0,1,0,0.77640141640871,0.39436970335065,0.54465552758068,-0.98406077287371,0.17783249222567,0
0.015927399799401,1,0,1,0,0.77321593644882,0.41853164904045,0.57590600442512,-0.98784718393208,0.15542825096315,0
0.026248851524259,1,0,1,0,0.76796616614397,0.44213167826335,0.60715648126955,-0.99103413706778,0.1336089037689,0
0.036626993248725,1,0,1,0,0.76064076749423,0.46518288236676,0.63840695811398,-0.99341375036899,0.1145823746386,1
0.25307397357977,1,0,1,0,0.71002597277827,0.0,0.78175020981155,-0.98016728586546,0.19817187418788,0
-0.023525429400566,0,1,1,0,0.71473105865839,0.27011981154933,0.40674448767834,-0.98214865077766,0.18810642672599,0
-0.020342901862256,1,0,0,1,0.71879963903084,0.29717127482096,0.43799496452277,-0.98488534774013,0.17320753969385,0
-0.015404461095328,1,0,0,1,0.7218805312499,0.32359365983443,0.46924544136721,-0.987697712694,0.15637528046028,0
-0.008836187754381,1,0,0,0,0.72364776880078,0.34940156069669,0.50049591821164,-0.99064574459711,0.13645881690691,0
-0.00085415509458882,1,0,0,0,0.7238185998197,0.37460928252249,0.53174639505608,-0.99330343765752,0.11553475986798,0
0.0082621923306244,1,0,0,0,0.72216616135357,0.39923078363592,0.56299687190051,-0.99553734388005,0.094368410711712,0
-0.0024593709910789,0,1,0,1,0.72265803555179,0.4232796755704,0.53174639505608,-0.99732026703304,0.07315931222435,0
-0.014360148763378,0,1,0,1,0.72553006530446,0.44676930976636,0.50049591821164,-0.99875868426764,0.04981054707555,0
-0.026785095922938,0,1,0,1,0.73088708448905,0.46971266197436,0.46924544136721,-0.99962474330628,0.027392929194447,0
-0.039019900244163,0,0,0,1,0.73869106453788,0.49212241895271,0.43799496452277,-0.99998769156176,0.0049615244616772,0
-0.029830821791296,0,0,0,1,0.74465722889614,0.37091029774059,0.43799496452277,-0.99989346556063,-0.014596490302341,0
-0.020282324611072,0,1,0,1,0.74871369381836,0.24969817652847,0.43799496452277,-0.99954326923956,-0.03022007475,0
-0.010497585353485,0,1,0,1,0.75081321088905,0.12848605531635,0.43799496452277,-0.99912142434259,-0.041909180612768,0
-0.00059586335664352,0,1,0,1,0.75093238356038,0.0072739341042259,0.43799496452277,-0.99881299657722,-0.048709320139363,0
-0.016834574063789,0,1,0,1,0.75429929837314,0.27011981154933,0.13183794918746,-0.99924157091933,-0.038939477997002,0
-0.01211172912358,0,0,0,1,0.75672164419786,0.29717127482096,0.10058747234302,-0.99972806247102,-0.023319543476442,0
-0.0058001835093181,0,0,0,1,0.75788168089972,0.32359365983443,0.069336995498589,-0.999988394752,-0.004817713287703,0
0.0018795814097692,0,0,0,1,0.75750576461777,0.34940156069669,0.038086518654154,-0.9998767642165,0.015698929260767,0
0.0090797934639056,0,0,0,1,0.75568980592499,0.37460928252249,0.012405584802014,-0.99923596058712,0.039083181415224,0
-0.00081242052586521,0,1,0,1,0.75585229003016,0.39923078363592,0.043656061646448,-0.99810775278269,0.061489135911106,0
0.0088537398040055,1,0,0,1,0.75408154206936,0.4232796755704,0.012405584802014,-0.9963227750207,0.085679215537039,0
0.019268133981393,1,0,0,1,0.75022791527308,0.44676930976636,0.98117036697948,-0.9940668799235,0.10877057616452,0
0.030024900803066,1,0,0,1,0.74422293511247,0.46971266197436,0.94991989013504,-0.99128851075469,0.13170834615065,0
0.040678466340362,1,0,0,1,0.73608724184439,0.49212241895271,0.91866941329061,-0.98843598716723,0.15163871297511,0
0.047208877251762,1,0,0,1,0.72664546639404,0.51401103626598,0.90058747234302,-0.98537946269548,0.17037404291136,0
0.047986712267613,1,0,0,1,0.71704812394052,0.53539062268806,0.90240329594873,-0.98214865077766,0.18810642672599,0
0.048542057333611,1,0,0,1,0.7073397124738,0.55627302689986,0.90435645075151,-0.97863820273672,0.20559004874807,0
0.048862957199614,1,0,0,1,0.69756712103387,0.57666975079161,0.90646219577325,-0.97485929150465,0.22282136739337,0
0.037985025579068,0,1,1,0,0.68997011591806,-0.45545762957949,0.40839246204318,-0.97338589622699,0.22917219950591,0
0.033828061511785,0,1,1,0,0.6832045036157,-0.42212428468646,0.40987258716716,-0.97274494826053,0.23187769542071,0
0.030350837578675,0,1,1,0,0.67713433609997,-0.38879093979344,0.41120012207218,-0.97209648046742,0.23458139879979,0
0.027080588139186,0,1,1,0,0.67171821847213,-0.35545759490042,0.41252765697719,-0.97189370362375,0.23542011141044,0
0.023952114156928,0,1,1,0,0.66692779564074,-0.3221242500074,0.41370260166323,-0.97166754732377,0.23635180870433,0
0.014990663693934,1,0,0,0,0.66392966290196,-0.28879090511438,0.44495307850767,-0.97144049786064,0.23728328874209,0
0.0069699607743019,1,0,0,0,0.6625356707471,-0.25545756022135,0.4762035553521,-0.97166754732377,0.23635180870433,0
0.011052200997412,0,1,1,0,0.66032523054762,-0.22212422977794,0.44495307850767,-0.97189370362375,0.23542011141044,0
0.0047721482522967,1,0,0,0,0.65937080089716,-0.18879089933453,0.4762035553521,-0.97232093918538,0.23364929107887,0
-2.1169780485654e-05,1,0,0,1,0.65937503485325,-0.15545756889112,0.50745403219654,-0.97296681449815,0.23094496722233,0
-0.0031001033541084,1,0,0,1,0.65999505552407,-0.12212423844771,0.53870450904097,-0.97380174793547,0.22739867131939,0
-0.0043895452277227,1,0,0,0,0.66087296456962,-0.088790908004298,0.5699549858854,-0.97505119607466,0.22198010053463,0
-0.0029090205509638,0,0,0,0,0.66145476867981,-0.058487877701268,0.5699549858854,-0.97629125139987,0.21646106448986,0
-0.001406759203484,0,0,0,0,0.66173612052051,-0.028184847398238,0.5699549858854,-0.97747983989876,0.21102881933871,0
0.0,0,0,0,0,0.66173612052051,0.0,0.5699549858854,-0.98016728586546,0.19817187418788,0
0.0,0,0,0,0,0.66173612052051,0.0,0.5699549858854,-0.98337154864043,0.18160505864242,0
-0.01866207869061,0,1,1,0,0.66546853625863,0.27011981154933,0.41355001144427,-0.98632743742413,0.16479740951953,1
-0.22278718259821,1,0,0,0,0.71002597277827,0.0,0.78175020981155,-0.98016728586546,0.19817187418788,0
0.034067882411505,1,0,0,0,0.70321239629597,0.27011981154933,0.78175020981155,-0.98016728586546,0.19817187418788,0
0.036949288679024,0,1,1,0,0.69582253856017,0.29717127482096,0.75049973296712,-0.98071449018441,0.19544587164312,0
0.038065762071487,0,1,1,0,0.68820938614587,0.32359365983443,0.71924925612268,-0.98214865077766,0.18810642672599,0
0.037068987584471,0,1,1,0,0.68079558862898,0.34940156069669,0.68799877927825,-0.98406077287371,0.17783249222567,0
0.043848348085943,1,0,0,1,0.67202591901179,0.37460928252249,0.71924925612268,-0.98537946269548,0.17037404291136,0
0.049439373321617,1,0,0,1,0.66213804434746,0.39923078363592,0.75049973296712,-0.98616898418058,0.16574297764984,0
0.053353557971273,1,0,0,1,0.65146733275321,0.4232796755704,0.78175020981155,-0.98632743742413,0.16479740951953,0
0.055130565309305,1,0,0,1,0.64044121969135,0.44676930976636,0.81300068665599,-0.98570434408191,0.16848426056473,0
0.054362853401499,1,0,0,1,0.62956864901105,0.46971266197436,0.84425116350042,-0.98438308497248,0.17603960355572,0
0.050734227842497,1,0,0,1,0.61942180344255,0.49212241895271,0.87550164034485,-0.98214865077766,0.18810642672599,0
0.044427132390687,1,0,0,1,0.61053637696441,0.51401103626598,0.90571450370031,-0.97922548385088,0.20277438639288,0
0.044926487215239,1,0,0,1,0.60155107952136,0.53539062268806,0.90736247806516,-0.97587439160186,0.21833270899182,0
0.045173999070638,1,0,0,1,0.59251627970724,0.55627302689986,0.90914778362707,-0.97209648046742,0.23458139879979,0
0.045064570643322,1,0,0,1,0.58350336557857,0.57666975079161,0.91091783016709,-0.96809610862718,0.25057917802743,0
0.04475246368609,1,0,0,1,0.57455287284135,0.59659218065666,0.91282520790417,-0.96385802773099,0.26641640786281,0
0.044042094580718,1,0,0,1,0.56574445392521,0.61605129819928,0.91459525444419,-0.95914416548557,0.28291777924866,0
0.043003582252342,1,0,0,1,0.55714373747474,0.63505785392992,0.91662470435645,-0.95420520043244,0.29915286304443,0
0.041617173618337,1,0,0,1,0.54882030275107,0.65362242496375,0.91865415426871,-0.94874933538674,0.31602958501258,0
0.054529176598789,1,0,0,0,0.53791446743132,0.67175524162524,0.88740367742428,-0.94423281808451,0.3292785830451,0
0.03993243249938,1,0,0,1,0.52992798093144,0.68946636084354,0.91865415426871,-0.93870775120406,0.34471402325611,0
0.035533543986305,1,0,0,1,0.52282127213418,0.70676560835405,0.92434576943618,-0.93234229111691,0.36157689665529,0
0.027452769931956,0,1,1,0,0.51733071814779,0.58555348714193,0.92434576943618,-0.92643376581806,0.37645780314952,0
0.011961993231763,0,1,0,1,0.51493831950144,0.60526928757176,0.95559624628061,-0.9193850610557,0.39335875420233,0
0.0079506891307941,0,0,0,0,0.51334818167528,0.48405716635964,0.95559624628061,-0.91281280726858,0.40837823018184,0
-0.0056881576560482,0,1,1,0,0.51448581320649,0.5061333396218,0.98684672312505,-0.90542623264021,0.42450363631771,0
-0.005389679912285,0,1,1,0,0.51556374918894,0.38492121840968,0.98684672312505,-0.89889209135477,0.43817006755351,0
-0.0042181507198279,0,1,1,0,0.51640737933291,0.26370909719756,0.98684672312505,-0.89336115693425,0.44933934090073,0
-0.0024565594927983,0,1,1,0,0.51689869123147,0.14249697598544,0.98684672312505,-0.88949451377471,0.45694585014496,0
-0.00037712041640554,0,1,1,0,0.51697411531475,0.021284854773319,0.98684672312505,-0.88662962263826,0.46248017499169,0
-0.0059746324941824,0,1,1,0,0.51816904181359,0.27011981154933,0.43709468223087,-0.89124036058093,0.45353127750087,0
-0.0073601776929781,0,1,1,0,0.51964107735218,0.29717127482096,0.4360265506981,-0.8968237057678,0.44238811102121,0
-0.00070878515184413,0,0,1,0,0.51978283438255,0.32359365983443,0.46727702754253,-0.90407862303893,0.42736617012117,0
0.0070898825793392,0,0,1,0,0.51836485786668,0.34940156069669,0.49852750438697,-0.91183135188628,0.41056495919312,0
0.015743925074397,0,0,1,0,0.5152160728518,0.37460928252249,0.5297779812314,-0.92036275130341,0.39106573106477,0
0.023216450281447,0,0,1,0,0.51057278279551,0.39923078363592,0.55477225909819,-0.92861958201687,0.3710332490422,0
0.032595309213055,1,0,0,1,0.5040537209529,0.4232796755704,0.58602273594263,-0.93691050305619,0.34956931968209,0
0.041763680397029,1,0,0,1,0.4957009848735,0.44676930976636,0.61727321278706,-0.94451659356586,0.32846370344186,0
0.050277900144917,1,0,0,1,0.48564540484451,0.46971266197436,0.64852368963149,-0.95096759570053,0.30929052996746,0
0.044727846779813,0,1,1,0,0.47669983548855,0.49212241895271,0.61727321278706,-0.95733473725072,0.28898131575085,0
0.036061454066011,0,1,1,0,0.46948754467535,0.51401103626598,0.58602273594263,-0.96408755356529,0.26558461751483,0
0.024423379431285,0,1,1,0,0.46460286878909,0.53539062268806,0.55477225909819,-0.97056956794291,0.24082091641531,0
0.010238322211276,0,1,1,0,0.46255520434684,0.55627302689986,0.52352178225376,-0.9764776672761,0.21561856439331,0
0.022244146284469,1,0,0,1,0.45810637508994,0.57666975079161,0.55477225909819,-0.98162184735398,0.19083644514965,0
0.01605656136151,1,0,0,1,0.45489506281764,-0.45545762957949,0.90749980926223,-0.98406077287371,0.17783249222567,0
-0.023729008248299,0,1,1,0,0.4596408644673,-0.42212428468646,0.93875028610666,-0.98505095824098,0.17226319882241,1
-1.2519255415549,0,1,1,0,0.71002597277827,0.0,0.78175020981155,-0.98016728586546,0.19817187418788,0
-0.023525429400566,0,1,1,0,0.71473105865839,0.27011981154933,0.40674448767834,-0.98214865077766,0.18810642672599,0
-0.020342901862256,1,0,0,0,0.71879963903084,0.29717127482096,0.43799496452277,-0.98488534774013,0.17320753969385,0
-0.015404461095328,1,0,0,0,0.7218805312499,0.32359365983443,0.46924544136721,-0.987697712694,0.15637528046028,0
-0.008836187754381,1,0,0,0,0.72364776880078,0.34940156069669,0.50049591821164,-0.99064574459711,0.13645881690691,0
-0.00085415509458882,1,0,0,0,0.7238185998197,0.37460928252249,0.53174639505608,-0.99330343765752,0.11553475986798,0
0.0082621923306244,1,0,0,0,0.72216616135357,0.39923078363592,0.56299687190051,-0.99553734388005,0.094368410711712,0
0.018169744882323,1,0,0,0,0.71853221237711,0.4232796755704,0.59424734874495,-0.99717815026803,0.075071543397091,0
0.028476078212527,1,0,0,0,0.7128369967346,0.44676930976636,0.62549782558938,-0.99834174762623,0.057565223413068,0
0.038746198808576,1,0,0,0,0.70508775697289,0.46971266197436,0.65674830243381,-0.9991153869301,0.042052866721654,0
0.048513876461698,1,0,0,1,0.69538498168055,0.49212241895271,0.68799877927825,-0.99947885255034,0.032280385757422,0
0.041150864094389,1,0,1,0,0.68715480886167,0.51401103626598,0.65674830243381,-0.99982568873737,0.018670622401288,0
0.051615665306008,1,0,0,1,0.67683167580047,0.53539062268806,0.68799877927825,-0.99996046259984,0.008892313372659,0
0.061007986169095,1,0,0,1,0.66463007856665,0.55627302689986,0.71924925612268,-0.99999536691511,0.0030440348732185,0
0.068804766803483,1,0,0,1,0.65086912520595,0.57666975079161,0.75049973296712,-0.99999802112122,0.0019894103780338,0
0.074470453386878,1,0,0,1,0.63597503452858,0.59659218065666,0.78175020981155,-0.9999824750903,0.005920262855549,0
0.077472640879838,1,0,0,1,0.62048050635261,0.61605129819928,0.81300068665599,-0.9998767642165,0.015698929260767,0
0.0773088402486,1,0,0,1,0.60501873830289,0.63505785392992,0.84425116350042,-0.99957037953036,0.029309663347314,0
0.073551748725383,1,0,0,1,0.59030838855781,0.65362242496375,0.87550164034485,-0.99889782075572,0.046937657477397,0
0.071329806025343,1,0,0,1,0.57604242735274,0.67175524162524,0.8895857175555,-0.9977951627049,0.066368767373716,0
0.071727596450524,1,0,0,1,0.56169690806264,0.68946636084354,0.89173723964294,-0.99624017194756,0.086634403084993,0
0.081273368663792,1,0,0,0,0.54544223432988,0.70676560835405,0.8604867627985,-0.99467613341752,0.10305042265593,0
0.066925016806381,0,1,0,1,0.5320572309686,0.58555348714193,0.8604867627985,-0.99319221189506,0.11648703889706,0
0.073796467366599,1,0,0,0,0.51729793749528,0.60526928757176,0.82923628595407,-0.99202975937365,0.12600379564542,0
0.058888634738913,0,1,1,0,0.5055202105475,0.48405716635964,0.82923628595407,-0.99103413706778,0.1336089037689,0
0.04406201984212,0,1,1,0,0.49670780657908,0.36284504514752,0.82923628595407,-0.99011514003011,0.14025694094465,0
0.029302890247927,0,1,1,0,0.49084722852949,0.2416329239354,0.82923628595407,-0.98943140757322,0.14500168863729,0
0.030370326921204,1,0,0,1,0.48477316314525,0.27011981154933,0.8604867627985,-0.98843598716723,0.15163871297511,0
0.029366409990136,1,0,0,1,0.47889988114722,0.29717127482096,0.89173723964294,-0.98679735674467,0.16195979970885,0
0.030254384584122,1,0,0,1,0.4728490042304,0.32359365983443,0.90058747234302,-0.98505095824098,0.17226319882241,0
0.037466333713977,1,0,1,0,0.4653557374876,0.34940156069669,0.86933699549859,-0.98337154864043,0.18160505864242,0
0.034275168503934,1,0,0,1,0.45850070378682,0.37460928252249,0.90058747234302,-0.98125411306798,0.19271835819966,0
0.035404907093289,1,0,0,1,0.45141972236816,0.39923078363592,0.90330357824063,-0.97883486291948,0.20465168245926,0
0.043636391390972,0,1,1,0,0.44269244408997,0.4232796755704,0.8720531013962,-0.97668394331604,0.21468226491408,0
0.051032180867196,0,1,1,0,0.43248600791653,0.44676930976636,0.84080262455177,-0.97526357190873,0.22104516576442,0
0.057102910019846,0,1,1,0,0.42106542591256,0.46971266197436,0.80955214770733,-0.97443023843248,0.22469025441354,0
0.061335768352445,1,0,1,0,0.40879827224207,0.49212241895271,0.7783016708629,-0.97485929150465,0.22282136739337,0
0.063204327471734,1,0,1,0,0.39615740674772,0.51401103626598,0.74705119401846,-0.97608327011191,0.2173969866572,0
0.048209421444085,0,1,1,0,0.3865155224589,0.39279891505386,0.74705119401846,-0.97727706624301,0.21196588356489,0
0.033281217523123,0,1,1,0,0.37985927895428,0.27158679384174,0.74705119401846,-0.97826207022252,0.20737242334495,0
0.034568033283644,1,0,1,0,0.37294567229755,0.29860415603175,0.71580071717403,-0.97978548853852,0.20005098462477,0
0.039683928059103,0,0,0,1,0.36500888668573,0.32499322024259,0.74705119401846,-0.98071449018441,0.19544587164312,0
0.040327220673621,0,1,1,0,0.35694344255101,0.3507685805812,0.71580071717403,-0.98214865077766,0.18810642672599,0
0.038619513888334,0,1,1,0,0.34921953977334,0.37594451326312,0.68455024032959,-0.98423081793822,0.17688893979178,0
0.034247109436176,0,1,1,0,0.3423701178861,0.40053494771322,0.65329976348516,-0.98664162385058,0.16290581967965,0
0.034532247711348,1,0,1,0,0.33546366834383,0.42455352436412,0.64983596551461,-0.98901025319023,0.14784694479293,1
-1.8728115221722,1,0,0,0,0.71002597277827,0.0,0.78175020981155,-0.98016728586546,0.19817187418788,0
0.034067882411505,1,0,0,0,0.70321239629597,0.27011981154933,0.78175020981155,-0.98016728586546,0.19817187418788,0
0.037475305989511,1,0,0,0,0.69571733509807,0.29717127482096,0.78175020981155,-0.98016728586546,0.19817187418788,0
0.040800995889932,1,0,0,0,0.68755713592008,0.32359365983443,0.78175020981155,-0.98016728586546,0.19817187418788,0
0.044046962892543,1,0,0,0,0.67874774334157,0.34940156069669,0.78175020981155,-0.98016728586546,0.19817187418788,0
0.047217025183998,1,0,0,0,0.66930433830478,0.37460928252249,0.78175020981155,-0.98016728586546,0.19817187418788,0
0.050309332136805,1,0,0,0,0.65924247187741,0.39923078363592,0.78175020981155,-0.98016728586546,0.19817187418788,0
0.053327998718552,1,0,0,0,0.6485768721337,0.4232796755704,0.78175020981155,-0.98016728586546,0.19817187418788,0
0.0555049394143,0,1,1,0,0.63747588425084,0.44676930976636,0.75049973296712,-0.98090142365799,0.19450551937087,0
0.059151747590142,1,0,0,1,0.62564553473282,0.46971266197436,0.78175020981155,-0.98108745548058,0.19356498830789,0
0.060403835135977,1,0,0,1,0.61356476770562,0.49212241895271,0.81300068665599,-0.98033791897245,0.19732603635803,0
0.058849721058842,1,0,0,1,0.60179482349385,0.51401103626598,0.84425116350042,-0.97883486291948,0.20465168245926,0
0.044791739358222,0,1,0,1,0.59283647562221,0.39279891505386,0.84425116350042,-0.97727706624301,0.21196588356489,0
0.030873725336873,0,1,0,1,0.58666173055483,0.27158679384174,0.84425116350042,-0.97608327011191,0.2173969866572,0
0.017060366595572,0,1,1,0,0.58324965723572,0.15037467262962,0.84425116350042,-0.97526357190873,0.22104516576442,0
0.0033048557485113,0,1,1,0,0.58258868608602,0.029162551417495,0.84425116350042,-0.97464521291868,0.2237559137424,0
-0.022478048718167,0,1,1,0,0.58708429582965,0.27011981154933,0.40854505226215,-0.97668394331604,0.21468226491408,0
-0.019107578125773,1,0,0,0,0.5909058114548,0.29717127482096,0.43979552910658,-0.97959323884929,0.20099026444274,0
-0.027561624569453,0,1,0,1,0.59641813636869,0.32359365983443,0.40854505226215,-0.98214865077766,0.18810642672599,0
-0.035754310220495,0,1,0,1,0.60356899841279,0.34940156069669,0.37729457541772,-0.98438308497248,0.17603960355572,0
-0.043108804641749,0,1,0,1,0.61219075934114,0.37460928252249,0.34604409857328,-0.98584935836109,0.16763365598536,0
-0.049103704343806,0,1,0,1,0.6220115002099,0.39923078363592,0.31479362172885,-0.9869521825682,0.16101363086354,0
-0.053309780043758,0,1,0,1,0.63267345621866,0.4232796755704,0.28354314488441,-0.98741121619642,0.15817423977853,0
-0.055414090615984,0,0,0,1,0.64375627434185,0.44676930976636,0.25229266803998,-0.98710610117885,0.16006731401346,0
-0.055228646908854,0,0,0,1,0.65480200372362,0.46971266197436,0.22104219119554,-0.98600962444408,0.16668839342813,0
-0.05268412761356,0,0,0,1,0.66533882924634,0.49212241895271,0.18979171435111,-0.98406077287371,0.17783249222567,0
-0.047819055225422,0,0,0,1,0.67490264029142,0.51401103626598,0.15854123750668,-0.98108745548058,0.19356498830789,0
-0.040761300032131,0,0,0,1,0.68305490029785,0.53539062268806,0.12729076066224,-0.97707339426782,0.21290275295066,0
-0.031717916503023,0,0,0,1,0.68939848359845,0.55627302689986,0.096040283817807,-0.97166754732377,0.23635180870433,0
-0.020951356326991,0,0,0,1,0.69358875486385,0.57666975079161,0.064789806973373,-0.9652745222583,0.2612376249299,0
-0.011405483075971,0,0,0,1,0.69586985147904,0.59659218065666,0.039276722362097,-0.95761135880825,0.2880633358854,0
-0.015098787027769,0,0,0,1,0.6988896088846,0.61605129819928,0.042481116960403,-0.94902167692767,0.31521081314162,0
-0.018990183667655,0,0,0,1,0.70268764561813,0.63505785392992,0.045929655909056,-0.9395641220587,0.34237298453597,0
-0.016638806516742,0,0,1,0,0.70601540692148,0.5138457327178,0.045929655909056,-0.93080868343662,0.36550676442302,0
-0.013470025297466,0,0,1,0,0.70870941198097,0.39263361150568,0.045929655909056,-0.92292964692899,0.38496865693136,0
-0.0096901487052601,0,0,1,0,0.71064744172202,0.27142149029356,0.045929655909056,-0.91611049586903,0.40092587763651,0
-0.0054943730886503,0,0,1,0,0.71174631633975,0.15020936908144,0.045929655909056,-0.91116096964682,0.41205058838967,0
-0.0010717981709202,0,0,1,0,0.71196067597394,0.028997247869318,0.045929655909056,-0.90813439319458,0.41867878367205,0
0.011979188924509,0,0,1,0,0.70956483818903,0.27011981154933,0.55655756466011,-0.9141391697042,0.40540051604866,0
0.019481215316891,1,0,0,0,0.70566859512566,0.29717127482096,0.58780804150454,-0.92196714721351,0.38726809765197,0
0.027339385132383,1,0,0,1,0.70020071809918,0.32359365983443,0.61905851834897,-0.92957693816939,0.36862815413858,0
0.035117346988583,1,0,1,0,0.69317724870146,0.34940156069669,0.65030899519341,-0.93660851885026,0.35037762830569,0
0.041403522009058,1,0,1,0,0.68489654429965,0.37460928252249,0.67476920729381,-0.94251540888404,0.33416269093983,0
0.038270426496056,0,1,1,0,0.67724245900044,0.39923078363592,0.64351873044938,-0.94874933538674,0.31602958501258,0
0.032552035064257,0,1,1,0,0.67073205198759,0.4232796755704,0.61226825360494,-0.95526040467296,0.2957660549557,0
0.02427378378435,0,1,1,0,0.66587729523072,0.44676930976636,0.58101777676051,-0.96189120932086,0.27343244399898,1
-0.22074338773777,1,0,0,0,0.71002597277827,0.0,0.78175020981155,-0.98016728586546,0.19817187418788,0
0.024665132930048,1,0,1,0,0.70509294619226,0.27011981154933,0.65674830243381,-0.98214865077766,0.18810642672599,0
0.031532083854664,0,1,0,1,0.69878652942133,0.29717127482096,0.68799877927825,-0.98406077287371,0.17783249222567,0
0.037902564658446,0,1,0,1,0.69120601648964,0.32359365983443,0.71924925612268,-0.98537946269548,0.17037404291136,0
0.043296737507521,0,1,0,1,0.68254666898814,0.34940156069669,0.75049973296712,-0.98616898418058,0.16574297764984,0
0.047238437138354,0,1,0,1,0.67309898156047,0.37460928252249,0.78175020981155,-0.98632743742413,0.16479740951953,0
0.049272418406344,0,1,0,1,0.6632444978792,0.39923078363592,0.81300068665599,-0.98570434408191,0.16848426056473,0
0.049000236189001,0,1,0,1,0.6534444506414,0.4232796755704,0.84425116350042,-0.98455141095241,0.17509574292833,0
0.046100162280874,0,1,0,1,0.64422441818522,0.44676930976636,0.87550164034485,-0.98250754002177,0.18622280687491,0
0.04038528893577,0,1,0,1,0.63614736039807,0.46971266197436,0.90675211718929,-0.97959323884929,0.20099026444274,0
0.031835887346422,0,1,0,1,0.62978018292878,0.49212241895271,0.93800259403372,-0.97587439160186,0.21833270899182,0
0.020639580106234,0,1,0,1,0.62565226690754,0.51401103626598,0.96925307087816,-0.97123538986182,0.23812143431442,0
0.0072190459909529,0,1,0,1,0.62420845770935,0.53539062268806,0.00048828870069429,-0.96574879873292,0.25947881945532,0
-0.0077832275932337,0,0,0,1,0.62576510322799,0.55627302689986,0.031738765545129,-0.95914416548557,0.28291777924866,0
-0.014004285296789,0,0,0,1,0.62856596028735,0.57666975079161,0.041321431296254,-0.95202944837085,0.30600642057756,0
-0.017440145969929,0,0,0,1,0.63205398948134,0.59659218065666,0.044068055237659,-0.94423281808451,0.3292785830451,0
-0.021174760714217,0,0,0,1,0.63628894162418,0.61605129819928,0.046921492332341,-0.93539361069578,0.35360824802246,0
-0.025076849537392,0,0,0,1,0.64130431153166,0.63505785392992,0.049897001602197,-0.92581895471126,0.37796727781297,0
-0.029239147783912,0,0,0,1,0.64715214108844,0.65362242496375,0.05297932402533,-0.91545581847984,0.40241849412199,0
-0.03352174551051,0,0,0,1,0.65385649019054,0.67175524162524,0.056275272755016,-0.90440614782446,0.42667261428093,0
-0.037897692055618,0,0,0,1,0.66143602860167,0.68946636084354,0.059540703440909,-0.89228157859045,0.45147932899318,0
-0.042458835981495,0,0,0,1,0.66992779579797,0.70676560835405,0.062882429236286,-0.8794767532667,0.47594184567389,0
-0.04705886171972,0,0,0,1,0.67933956814191,0.72366252089992,0.066285191119249,-0.86571364103563,0.50053960055607,0
-0.051787340466274,0,0,0,1,0.68969703623516,0.74016651962743,0.06988632028687,-0.85091038429069,0.52531087739192,0
-0.056495332806325,0,0,0,1,0.70099610279643,0.75628667889219,0.073548485542077,-0.83524040319679,0.54988495966672,0
-0.061161434090039,0,0,0,1,0.71322838961444,0.77203195745295,0.077363241016251,-0.81875086233965,0.57414895751719,0
-0.065871119943778,0,0,0,1,0.72640261360319,0.78741108287464,0.081071183337148,-0.80109782566223,0.59853343575714,0
-0.056927475687194,0,0,1,0,0.73778810874063,0.66619896166252,0.081071183337148,-0.78498108420911,0.61951973127084,0
-0.047348200182197,0,0,1,0,0.74725774877707,0.5449868404504,0.081071183337148,-0.77088590145466,0.63697325449224,0
-0.037281546760418,0,0,1,0,0.75471405812916,0.42377471923828,0.081071183337148,-0.75871833426044,0.65141882783433,0
-0.026859768262019,0,0,1,0,0.76008601178156,0.30256259802616,0.081071183337148,-0.74927195627311,0.66226243706153,0
-0.016193686629873,0,0,1,0,0.76332474910753,0.18135047681404,0.081071183337148,-0.74198896412124,0.670412095,0
-0.0053852598699721,0,0,1,0,0.76440180108153,0.060138355601918,0.081071183337148,-0.73734345509185,0.67551804508334,0
0.026182565527813,0,0,1,0,0.75916528797597,0.27011981154933,0.59533073929961,-0.74780976030129,0.66391306840438,0
0.028430551258047,0,0,1,0,0.75347917772436,0.29717127482096,0.59385061417563,-0.76096218875913,0.64879622939634,0
0.030478500599828,0,0,1,0,0.74738347760439,0.32359365983443,0.59221789883268,-0.77459796533416,0.6324539446475,0
0.032359527090973,0,0,1,0,0.7409115721862,0.34940156069669,0.59035629816129,-0.78870872899519,0.61476706223317,0
0.03401274415007,0,0,1,0,0.73410902335618,0.37460928252249,0.58857099259937,-0.80258733347492,0.59653463616593,0
0.035476249744099,0,0,1,0,0.72701377340736,0.39923078363592,0.58643472953384,-0.81648762859186,0.57736292949621,0
0.03667939968751,0,0,1,0,0.71967789346986,0.4232796755704,0.58435950255589,-0.83035770121098,0.55723073142067,0
0.037603550188468,0,0,1,0,0.71215718343217,0.44676930976636,0.58202487220569,-0.8438343916086,0.53660368945669,0
0.038289203073944,0,0,1,0,0.70449934281738,0.46971266197436,0.57953765163653,-0.85724341792965,0.51491137336078,0
0.038654614672241,0,0,1,0,0.69676841988293,0.49212241895271,0.5768825818265,-0.87042552047697,0.49230012523094,0
0.038750235566717,0,0,1,0,0.68901837276959,0.51401103626598,0.57416647592889,-0.88341601400759,0.46858952847342,0
0.038567764394351,0,0,1,0,0.68130481989072,0.53539062268806,0.57129777981231,-0.89580339466514,0.4444505350502,0
0.038001253035023,0,0,1,0,0.67370456928371,0.55627302689986,0.56849011978332,-0.90745079131564,0.42015837649703,1
-0.18160701747281,0,0,1,0,0.71002597277827,0.0,0.78175020981155,-0.98016728586546,0.19817187418788,0
0.034067882411505,1,0,0,0,0.70321239629597,0.27011981154933,0.78175020981155,-0.98016728586546,0.19817187418788,0
0.037475305989511,1,0,0,0,0.69571733509807,0.29717127482096,0.78175020981155,-0.98016728586546,0.19817187418788,0
0.039784149687735,0,1,0,1,0.68776050516052,0.32359365983443,0.81300068665599,-0.97959323884929,0.20099026444274,0
0.040131684987592,0,1,0,1,0.679734168163,0.34940156069669,0.84425116350042,-0.9784604394342,0.20643441685493,0
0.038196934762879,0,1,0,1,0.67209478121043,0.37460928252249,0.87550164034485,-0.97629125139987,0.21646106448986,0
0.033778700291452,0,1,0,1,0.66533904115214,0.39923078363592,0.90675211718929,-0.97338589622699,0.22917219950591,0
0.026819067861301,0,1,0,1,0.65997522757988,0.4232796755704,0.93800259403372,-0.96968575533649,0.24435534759341,0
0.036676664053669,1,0,0,0,0.65263989476914,0.44676930976636,0.90675211718929,-0.96599713083197,0.25855278614704,0
0.02828833239328,0,1,0,1,0.64698222829049,0.46971266197436,0.93800259403372,-0.96165491259326,0.27426233624989,0
0.017399611286373,0,1,0,1,0.64350230603321,0.49212241895271,0.96925307087816,-0.95630358798816,0.29237552496912,0
0.0044318831382878,0,1,0,1,0.64261592940556,0.51401103626598,0.00048828870069429,-0.94986444205509,0.31266202474776,0
-0.0099887383438123,0,0,0,1,0.64461367707432,0.53539062268806,0.031738765545129,-0.94251540888404,0.33416269093983,0
-0.018350686538945,0,0,0,1,0.64828381438211,0.55627302689986,0.046921492332341,-0.93420176660814,0.35674509003801,0
-0.015346934200698,0,0,1,0,0.65135320122225,0.43506090568774,0.046921492332341,-0.92675825780144,0.37565826437978,0
-0.011605765091565,0,0,1,0,0.65367435424056,0.31384878447562,0.046921492332341,-0.92036275130341,0.39106573106477,0
-0.0073432606733827,0,0,1,0,0.65514300637524,0.19263666326349,0.046921492332341,-0.91545581847984,0.40241849412199,0
-0.0027642292742257,0,0,1,0,0.65569585223008,0.071424542051373,0.046921492332341,-0.91183135188628,0.41056495919312,0
0.011770460610007,0,0,1,0,0.65334176010808,0.27011981154933,0.55408560311284,-0.91745069609554,0.39784949444961,0
0.012255531701144,0,0,1,0,0.65089065376785,0.29717127482096,0.55255970092317,-0.92454542469076,0.38107185370134,0
0.020216635703225,1,0,0,0,0.64684732662721,0.32359365983443,0.58381017776761,-0.93202994754661,0.36238125900254,0
0.028505179245724,1,0,0,0,0.64114629077806,0.34940156069669,0.61506065461204,-0.93897187143978,0.34399393111634,0
0.036692546233755,1,0,0,0,0.63380778153131,0.37460928252249,0.64631113145647,-0.94508203457766,0.32683321116214,0
0.044315113431507,1,0,0,0,0.62494475884501,0.39923078363592,0.67756160830091,-0.95040260529529,0.31102232692836,0
0.040833493364871,0,1,0,0,0.61677806017203,0.4232796755704,0.64631113145647,-0.95576940159281,0.29411707019301,0
0.034635562074828,0,1,0,0,0.60985094775707,0.44676930976636,0.61506065461204,-0.96165491259326,0.27426233624989,0
0.044256683285105,1,0,0,1,0.60099961110005,0.46971266197436,0.64631113145647,-0.96668773608524,0.25595863123246,0
0.053098604082532,1,0,0,1,0.59037989028354,0.49212241895271,0.67756160830091,-0.97080000951561,0.23989026975786,0
0.060666163124384,1,0,0,1,0.57824665765867,0.51401103626598,0.70881208514534,-0.97380174793547,0.22739867131939,0
0.066438099543562,1,0,0,0,0.56495903774995,0.53539062268806,0.74006256198978,-0.97587439160186,0.21833270899182,0
0.069895587306874,1,0,0,0,0.55097992028858,0.55627302689986,0.77131303883421,-0.97668394331604,0.21468226491408,0
0.07052669002189,1,0,0,1,0.5368745822842,0.57666975079161,0.80256351567865,-0.9764776672761,0.21561856439331,0
0.067884359842454,1,0,0,1,0.52329771031571,0.59659218065666,0.83381399252308,-0.97526357190873,0.22104516576442,0
0.061623260592802,1,0,0,1,0.51097305819715,0.61605129819928,0.86506446936751,-0.97274494826053,0.23187769542071,0
0.051590128697817,1,0,0,1,0.50065503245759,0.63505785392992,0.89631494621195,-0.96945103337149,0.24528492390474,0
0.044259948519001,1,0,0,1,0.49180304275379,0.65362242496375,0.91355764095521,-0.96479704267957,0.26299556353057,0
0.028337186114811,0,1,0,1,0.48613560553082,0.67175524162524,0.94480811779965,-0.95938793173274,0.28209005024207,0
0.04193933035795,1,0,1,0,0.47774773945923,0.68946636084354,0.91355764095521,-0.95391794832879,0.30006757215032,0
0.055109168630155,1,0,1,0,0.4667259057332,0.70676560835405,0.88230716411078,-0.94929331186759,0.31439180657815,0
0.067426750437298,1,0,1,0,0.45324055564574,0.72366252089992,0.85105668726635,-0.94623548885827,0.32347859222081,0
0.054790971678057,0,1,1,0,0.44228236131013,0.6024503996878,0.85105668726635,-0.94394833956772,0.33009321748157,0
0.042822682862745,0,1,1,0,0.43371782473758,0.48123827847567,0.85105668726635,-0.94193732281621,0.33578874294091,0
0.031457008637652,0,1,1,0,0.42742642301005,0.36002615726355,0.85105668726635,-0.94015357444086,0.34075101829058,0
0.020579762101745,0,1,1,0,0.4233104705897,0.23881403605143,0.85105668726635,-0.93897187143978,0.34399393111634,0
0.010049107307318,0,1,1,0,0.42130064912824,0.11760191483931,0.85105668726635,-0.93811146180376,0.3463334884651,0
-0.0097383985139568,0,1,1,0,0.42324832883103,0.27011981154933,0.42519264515145,-0.94135643144369,0.33741379488634,1
-1.4338882197362,0,1,1,0,0.71002597277827,0.0,0.78175020981155,-0.98016728586546,0.19817187418788,0
-0.023525429400566,0,1,1,0,0.71473105865839,0.27011981154933,0.40674448767834,-0.98214865077766,0.18810642672599,0
-0.020342901862256,1,0,0,1,0.71879963903084,0.29717127482096,0.43799496452277,-0.98488534774013,0.17320753969385,0
-0.015404461095328,1,0,0,1,0.7218805312499,0.32359365983443,0.46924544136721,-0.987697712694,0.15637528046028,0
-0.008836187754381,1,0,0,1,0.72364776880078,0.34940156069669,0.50049591821164,-0.99064574459711,0.13645881690691,0
-0.00085415509458882,1,0,0,1,0.7238185998197,0.37460928252249,0.53174639505608,-0.99330343765752,0.11553475986798,0
0.0082621923306244,1,0,0,1,0.72216616135357,0.39923078363592,0.56299687190051,-0.99553734388005,0.094368410711712,0
0.018169744882323,1,0,0,1,0.71853221237711,0.4232796755704,0.59424734874495,-0.99717815026803,0.075071543397091,0
0.028476078212527,1,0,0,1,0.7128369967346,0.44676930976636,0.62549782558938,-0.99834174762623,0.057565223413068,0
0.038746198808576,1,0,0,1,0.70508775697289,0.46971266197436,0.65674830243381,-0.9991153869301,0.042052866721654,0
0.048513876461698,1,0,0,1,0.69538498168055,0.49212241895271,0.68799877927825,-0.99947885255034,0.032280385757422,0
0.057277730915184,1,0,0,1,0.68392943549751,0.51401103626598,0.71924925612268,-0.99965054691415,0.026434523907901,0
0.043575081351187,0,1,0,1,0.67521441922727,0.39279891505386,0.71924925612268,-0.9997678515811,0.021546297707863,0
0.050148815478957,1,0,0,1,0.66518465613148,0.41699738935991,0.75049973296712,-0.99978804965079,0.020587757903035,0
0.055196452464459,1,0,0,1,0.65414536563859,0.44063310912161,0.78175020981155,-0.99972469848175,0.023463317019949,0
0.058235826671552,0,1,0,1,0.64249820030428,0.46371916568641,0.81300068665599,-0.99953891286684,0.030363821646499,0
0.058812734842893,0,1,0,1,0.6307356533357,0.48626836140951,0.84425116350042,-0.99915524602346,0.041094943044039,0
0.044078923406336,0,1,0,1,0.62191986865443,0.36505624019738,0.84425116350042,-0.99871046924961,0.05076808654288,0
0.029405892730986,0,1,0,1,0.61603869010824,0.24384411898526,0.84425116350042,-0.99822382351709,0.059575147191832,0
0.014776554944776,0,0,0,0,0.61308337911928,0.12263199777314,0.84425116350042,-0.99786460215084,0.065316428058666,0
0.00016998271443902,0,0,0,0,0.61304938257639,0.0014198765610204,0.84425116350042,-0.99753330097977,0.070194824854917,0
0.029939283170505,0,1,0,0,0.60706152594229,0.27011981154933,0.87550164034485,-0.99688291792468,0.078895170637811,0
0.028676141620805,0,1,0,0,0.60132629761813,0.29717127482096,0.90675211718929,-0.99580465342201,0.09150460219607,0
0.025217089742255,0,1,0,0,0.59628287966968,0.32359365983443,0.93800259403372,-0.99437561983248,0.10591093750306,0
0.019486721199201,0,1,0,0,0.59238553542984,0.34940156069669,0.96925307087816,-0.99250568903351,0.12219843385297,0
0.011575398023503,0,1,0,0,0.59007045582514,0.37460928252249,0.00048828870069429,-0.99011514003011,0.14025694094465,0
0.0050764085749983,0,0,0,1,0.58905517411014,0.39923078363592,0.021316853589685,-0.98725911243514,0.15912085002845,0
0.0038680911289895,0,0,0,1,0.58828155588434,0.4232796755704,0.023147936217288,-0.98406077287371,0.17783249222567,0
0.0023326352249049,0,0,0,1,0.58781502883936,0.44676930976636,0.024979018844892,-0.98033791897245,0.19732603635803,0
0.00054990179643386,0,0,0,1,0.58770504848007,0.46971266197436,0.027084763866636,-0.97608327011191,0.2173969866572,0
-0.001577133178137,0,0,0,1,0.5880204751157,0.49212241895271,0.029205767910277,-0.97123538986182,0.23812143431442,0
-0.0039522613819127,0,0,0,1,0.58881092739208,0.51401103626598,0.031448844129091,-0.96574879873292,0.25947881945532,0
-0.0066744234281128,0,0,0,1,0.59014581207771,0.53539062268806,0.033829251544976,-0.95990020335633,0.28034193335368,0
-0.009634567858982,0,0,0,1,0.5920727256495,0.55627302689986,0.036346990157931,-0.95310897845526,0.3026272875799,0
-0.012930966790542,0,0,0,1,0.59465891900761,0.57666975079161,0.038849469748989,-0.94567583537544,0.32511108007411,0
-0.016552809419943,0,0,0,1,0.5979694808916,0.59659218065666,0.041763942931258,-0.93751237849307,0.34795192221378,0
-0.020373837313106,0,0,0,1,0.60204424835422,0.61605129819928,0.044785229266804,-0.92861958201687,0.3710332490422,0
-0.024369679770153,0,0,0,1,0.60691818430825,0.63505785392992,0.047775997558556,-0.91908308366223,0.39406380869846,0
-0.028515437714558,0,0,0,1,0.61262127185116,0.65362242496375,0.050736247806516,-0.90845525354415,0.41798211960325,0
-0.01548453644379,1,0,0,1,0.61571817913992,0.67175524162524,0.019485770962081,-0.89788148051245,0.44023726211303,0
-0.0013716426913159,1,0,0,1,0.61599250767818,0.68946636084354,0.98825055313954,-0.88733802569412,0.46111953781777,0
-0.021217799396875,0,1,0,1,0.62023606755756,0.70676560835405,0.019485770962081,-0.8755226322642,0.48317711079186,0
-0.0066838880345113,1,0,0,1,0.62157284516446,0.72366252089992,0.98825055313954,-0.86422214922683,0.50311040218402,0
-0.027473103867859,0,1,0,1,0.62706746593803,0.74016651962743,0.019485770962081,-0.851313048504,0.52465807288826,0
-0.012587031907355,1,0,0,1,0.6295848723195,0.75628667889219,0.98825055313954,-0.83901633908632,0.54410622377087,0
-0.034150038641479,0,1,0,1,0.6364148800478,0.77203195745295,0.019485770962081,-0.8251396777995,0.56492876729808,1
-0.36805546365236,1,0,0,1,0.71002597277827,0.0,0.78175020981155,-0.98016728586546,0.19817187418788,0
-0.023525429400566,0,1,1,0,0.71473105865839,0.27011981154933,0.40674448767834,-0.98214865077766,0.18810642672599,0
-0.020342901862256,1,0,0,0,0.71879963903084,0.29717127482096,0.43799496452277,-0.98488534774013,0.17320753969385,0
-0.015404461095328,1,0,0,0,0.7218805312499,0.32359365983443,0.46924544136721,-0.987697712694,0.15637528046028,0
-0.008836187754381,1,0,0,0,0.72364776880078,0.34940156069669,0.50049591821164,-0.99064574459711,0.13645881690691,0
-0.00085415509458882,1,0,0,0,0.7238185998197,0.37460928252249,0.53174639505608,-0.99330343765752,0.11553475986798,0
0.0082621923306244,1,0,0,0,0.72216616135357,0.39923078363592,0.56299687190051,-0.99553734388005,0.094368410711712,0
0.018169744882323,1,0,0,0,0.71853221237711,0.4232796755704,0.59424734874495,-0.99717815026803,0.075071543397091,0
0.0076324927821133,0,1,0,1,0.71700571382068,0.44676930976636,0.56299687190051,-0.99855516887108,0.053736158411689,0
-0.0045463976329962,0,1,0,1,0.71791499334728,0.46971266197436,0.53174639505608,-0.99953891286684,0.030363821646499,0
-0.017748865901502,0,1,0,1,0.72146476652758,0.49212241895271,0.50049591821164,-0.99997633942843,0.0068789958074775,0
-0.014031659646233,0,1,0,1,0.72427109845683,0.37091029774059,0.50049591821164,-0.99989346556063,-0.014596490302341,0
-0.0097591932748169,0,1,0,1,0.72622293711179,0.24969817652847,0.50049591821164,-0.99951383627475,-0.031178375443959,0
-0.0051197521013237,0,1,0,1,0.72724688753206,0.12848605531635,0.50049591821164,-0.99903922652082,-0.043824922962614,0
-0.00029204021947749,0,1,0,1,0.72730529557595,0.0072739341042259,0.50049591821164,-0.99866876468837,-0.051581958433289,0
0.029901629611502,1,0,0,1,0.72132496965365,0.27011981154933,0.88154421301595,-0.99912142434259,-0.041909180612768,0
0.028611204815044,0,1,0,1,0.71560272869065,0.29717127482096,0.91279468986038,-0.99967908508983,-0.025332327843455,0
0.025148054738655,0,1,0,1,0.71057311774291,0.32359365983443,0.94404516670481,-0.99997040140657,-0.0076939138796311,0
0.019448747229198,0,1,0,1,0.70668336829707,0.34940156069669,0.97529564354925,-0.99991900721543,0.012727097442675,0
0.011616886758801,0,1,0,1,0.70435999094531,0.37460928252249,0.0065308613717861,-0.99941511732479,0.034196831179008,0
0.0094461448407528,0,0,0,1,0.70247076197716,0.39923078363592,0.013794155794614,-0.99839647958553,0.056608034334521,0
0.019343645505173,1,0,0,0,0.69860203287613,0.4232796755704,0.98255893797208,-0.99695810069416,0.077939370412537,0
0.008927813502438,0,1,0,1,0.69681647017564,0.44676930976636,0.013794155794614,-0.99487190439709,0.10114293767395,0
0.01971529665211,1,0,0,0,0.69287341084522,0.46971266197436,0.98255893797208,-0.99226954840444,0.12410134289867,0
0.0077820914187022,0,1,0,1,0.69131699256148,0.49212241895271,0.013794155794614,-0.98901025319023,0.14784694479293,0
0.0024745918021433,0,0,0,1,0.69082207420105,0.51401103626598,0.024826428625925,-0.98505095824098,0.17226319882241,0
0.00012861330846783,0,0,0,1,0.69079635153936,0.53539062268806,0.02738994430457,-0.98033791897245,0.19732603635803,0
0.012438083502409,1,0,0,1,0.68830873483888,0.55627302689986,0.99615472648203,-0.97526357190873,0.22104516576442,0
0.025237087031215,1,0,0,0,0.68326131743263,0.57666975079161,0.9649042496376,-0.96968575533649,0.24435534759341,0
0.038096847600566,1,0,0,0,0.67564194791252,0.59659218065666,0.93365377279316,-0.96434174037686,0.26466017412322,0
0.050557497533213,1,0,0,0,0.66553044840588,0.61605129819928,0.90240329594873,-0.95963098366063,0.28126211120329,0
0.062127661693449,1,0,0,0,0.65310491606719,0.63505785392992,0.8711528191043,-0.95605094778705,0.29320058873658,0
0.051425988824832,1,0,0,1,0.64281971830222,0.65362242496375,0.90240329594873,-0.95123412143835,0.30846984651893,0
0.044457501697115,1,0,0,1,0.6339282179628,0.67175524162524,0.91836423285267,-0.94595601427608,0.32429495687555,0
0.057751553652999,1,0,1,0,0.6223779072322,0.68946636084354,0.88711375600824,-0.94135643144369,0.33741379488634,0
0.06994968718337,1,0,0,0,0.60838796979552,0.70676560835405,0.85586327916381,-0.93811146180376,0.3463334884651,0
0.080521902125657,1,0,0,0,0.59228358937039,0.72366252089992,0.82461280231937,-0.93691050305619,0.34956931968209,0
0.088902933785815,1,0,1,0,0.57450300261323,0.74016651962743,0.79336232547494,-0.93751237849307,0.34795192221378,0
0.074090728848112,0,1,0,1,0.55968485684361,0.61895439841531,0.79336232547494,-0.9384099558539,0.34552388449177,0
0.079585942877012,1,0,1,0,0.5437676682682,0.63789344556404,0.7621118486305,-0.94074022683075,0.33912803721076,0
0.082217541443296,1,0,1,0,0.52732415997955,0.65639206857392,0.73086137178607,-0.94451659356586,0.32846370344186,0
0.066982418725761,0,1,0,1,0.51392767623439,0.5351799473618,0.73086137178607,-0.94820253331347,0.31766642223867,0
0.051776874704061,0,1,0,1,0.50357230129358,0.41396782614968,0.73086137178607,-0.95123412143835,0.30846984651893,0
0.036596442519546,0,1,0,1,0.49625301278967,0.29275570493756,0.73086137178607,-0.95391794832879,0.30006757215032,0
0.021437510566475,0,1,0,1,0.49196551067638,0.17154358372544,0.73086137178607,-0.95576940159281,0.29411707019301,0
0.033629612713283,1,0,0,0,0.48523958813372,0.27011981154933,0.7621118486305,-0.95708502545166,0.28980727053715,1
-1.1239319232228,0,1,0,1,0.71002597277827,0.0,0.78175020981155,-0.98016728586546,0.19817187418788,0
-0.024823754887829,0,1,0,1,0.71499072375584,0.27011981154933,0.15674067292287,-0.97806280178596,0.20831023921688,0
-0.022006225832613,1,0,0,0,0.71939196892236,0.29717127482096,0.12549019607843,-0.97505119607466,0.22198010053463,0
-0.017402623880028,1,0,0,0,0.72287249369837,0.32359365983443,0.094239719233997,-0.97123538986182,0.23812143431442,0
-0.011124241758778,1,0,0,1,0.72509734205012,0.34940156069669,0.062989242389563,-0.96668773608524,0.25595863123246,0
-0.0050239315316971,0,0,0,1,0.72610212835646,0.37460928252249,0.037384603646906,-0.96139152091986,0.27518419922553,0
-0.0066436046121317,0,0,0,1,0.72743084927889,0.39923078363592,0.039429312581064,-0.95551525885081,0.29494167237484,0
-0.0084478850676371,0,0,0,1,0.72912042629242,0.4232796755704,0.041474021515221,-0.94902167692767,0.31521081314162,0
-0.01051680747207,0,0,0,1,0.73122378778683,0.44676930976636,0.043640802624552,-0.94193732281621,0.33578874294091,0
-0.012857260817302,0,0,0,1,0.73379523995029,0.46971266197436,0.045929655909056,-0.93420176660814,0.35674509003801,0
-0.015381700063614,0,0,0,1,0.73687157996301,0.49212241895271,0.048493171587701,-0.92581895471126,0.37796727781297,0
-0.018173521772469,0,0,0,1,0.74050628431751,0.51401103626598,0.051026169222553,-0.91645610464043,0.40013523747264,0
-0.021133747434727,0,0,0,1,0.74473303380445,0.53539062268806,0.053803311207752,-0.90644111574745,0.42233221956479,0
-0.024350848091065,0,0,0,1,0.74960320342267,0.55627302689986,0.056687266346227,-0.89580339466514,0.4444505350502,0
-0.02771193705765,0,0,0,1,0.7551455908342,0.57666975079161,0.05967803463798,-0.88413379261473,0.46723381379851,0
-0.031305222203716,0,0,0,1,0.76140663527494,0.59659218065666,0.062745098039216,-0.87188485535187,0.48971093413161,0
-0.035011482780247,0,0,0,1,0.76840893183099,0.61605129819928,0.066025787747005,-0.85832758998853,0.51310208366803,0
-0.038917817642706,0,0,0,1,0.77619249535953,0.63505785392992,0.069382772564279,-0.84424571951298,0.535956308932,0
-0.042899143395796,0,0,0,1,0.78477232403869,0.65362242496375,0.072800793469139,-0.82923410146669,0.55890142687663,0
-0.046932875720027,0,0,0,1,0.79415889918269,0.67175524162524,0.076386663614862,-0.81309704028426,0.58212816722864,0
-0.051106266188803,0,0,0,1,0.80438015242045,0.68946636084354,0.079880979629206,-0.79659947207076,0.60450746984349,0
-0.055291996760543,0,0,0,1,0.81543855177256,0.70676560835405,0.083665217059586,-0.7786446143404,0.62746518991789,0
-0.059571973448123,0,0,0,1,0.82735294646219,0.72366252089992,0.087449454489967,-0.75984139300048,0.6501084967012,0
-0.063819405393616,0,0,0,1,0.84011682754091,0.74016651962743,0.091447318226902,-0.74018656649259,0.67240155174115,0
-0.068015138976544,0,0,0,1,0.85371985533622,0.75628667889219,0.095429922941939,-0.71961169746662,0.69437670242399,0
-0.072244429308486,0,0,0,1,0.86816874119792,0.77203195745295,0.09939726863508,-0.69790419506685,0.71619112987253,0
-0.076381003323892,0,0,0,1,0.8834449418627,0.78741108287464,0.10360875867857,-0.67539432283088,0.73745678428489,0
-0.080414426941638,0,0,0,1,0.89952782725102,0.80243255152847,0.10785076676585,-0.65172792860438,0.75845283774078,0
-0.084423729665562,0,0,0,1,0.91641257318414,0.81710468639027,0.11209277485313,-0.62733453876275,0.778749880562,0
-0.088296510920744,0,0,0,1,0.93407187536828,0.83143557924213,0.11657892729076,-0.60238594926762,0.79820496623671,1
1.1202295129501,1,0,0,1,0.71002597277827,0.0,0.78175020981155,-0.98016728586546,0.19817187418788,0
-0.024823754887829,0,1,0,1,0.71499072375584,0.27011981154933,0.15674067292287,-0.97806280178596,0.20831023921688,0
-0.022006225832613,1,0,0,1,0.71939196892236,0.29717127482096,0.12549019607843,-0.97505119607466,0.22198010053463,0
-0.017402623880028,1,0,0,0,0.72287249369837,0.32359365983443,0.094239719233997,-0.97123538986182,0.23812143431442,0
-0.011124241758778,1,0,0,0,0.72509734205012,0.34940156069669,0.062989242389563,-0.96668773608524,0.25595863123246,0
-0.0033640547377244,1,0,0,0,0.72577015299767,0.37460928252249,0.031738765545129,-0.96139152091986,0.27518419922553,0
0.0056099660788386,1,0,0,0,0.7246481597819,0.39923078363592,0.00048828870069429,-0.95551525885081,0.29494167237484,0
0.015470645573083,1,0,0,0,0.72155403066728,0.4232796755704,0.96925307087816,-0.94986444205509,0.31266202474776,0
0.0046420117088727,0,1,0,1,0.72062562832551,0.44676930976636,0.00048828870069429,-0.94337727427563,0.33172174842822,0
0.015400532642511,1,0,0,1,0.71754552179701,0.46971266197436,0.96925307087816,-0.93691050305619,0.34956931968209,0
0.026630157419164,1,0,0,0,0.71221949031317,0.49212241895271,0.93800259403372,-0.93080868343662,0.36550676442302,0
0.037898207018619,1,0,0,0,0.70463984890945,0.51401103626598,0.90675211718929,-0.92581895471126,0.37796727781297,0
0.027004614077496,0,1,0,1,0.69923892609395,0.53539062268806,0.93800259403372,-0.9193850610557,0.39335875420233,0
0.039054433050154,1,0,1,0,0.69142803948392,0.55627302689986,0.90675211718929,-0.91448864027319,0.40461157523148,0
0.050652393401591,1,0,1,0,0.6812975608036,0.57666975079161,0.87550164034485,-0.91080508136141,0.41283665506618,0
0.039419325165618,0,1,1,0,0.67341369577048,0.45545762957949,0.87550164034485,-0.90813439319458,0.41867878367205,0
0.028587317359428,0,1,1,0,0.66769623229859,0.33424550836737,0.87550164034485,-0.90611691945486,0.42302733750625,0
0.0180664095012,0,1,1,0,0.66408295039835,0.21303338715524,0.87550164034485,-0.90440614782446,0.42667261428093,0
0.0077491965674496,0,1,1,0,0.66253311108486,0.091821265943123,0.87550164034485,-0.90370952192305,0.42814611990023,0
-0.012569203589471,0,1,1,0,0.66504695180276,0.27011981154933,0.432791638056,-0.90813439319458,0.41867878367205,0
-0.0071531128360404,1,0,0,0,0.66647757436997,0.29717127482096,0.46404211490043,-0.91448864027319,0.40461157523148,0
-0.00030863733606233,1,0,0,0,0.66653930183718,0.32359365983443,0.49529259174487,-0.92196714721351,0.38726809765197,0
0.0077128320956542,1,0,0,0,0.66499673541805,0.34940156069669,0.5265430685893,-0.92957693816939,0.36862815413858,0
0.016591352069983,1,0,0,0,0.66167846500405,0.37460928252249,0.55779354543374,-0.93751237849307,0.34795192221378,0
0.025958191986066,1,0,0,0,0.65648682660684,0.39923078363592,0.58904402227817,-0.9447996658005,0.32764857927857,0
0.03539664036853,1,0,0,0,0.64940749853313,0.4232796755704,0.62029449912261,-0.95149993892786,0.30764893339694,0
0.044456362136961,1,0,0,0,0.64051622610574,0.44676930976636,0.65154497596704,-0.95733473725072,0.28898131575085,0
0.052653496308047,1,0,0,0,0.62998552684413,0.46971266197436,0.68279545281147,-0.96212678986534,0.27260234816195,0
0.059487695762701,1,0,0,0,0.61808798769159,0.49212241895271,0.71404592965591,-0.96552454083443,0.26031204552702,0
0.064446370132761,1,0,0,0,0.60519871366504,0.51401103626598,0.74529640650034,-0.96763804010266,0.25234227419573,0
0.067024195750831,1,0,0,0,0.59179387451487,0.53539062268806,0.77654688334478,-0.96855096468463,0.24881525035351,0
0.069693991178636,0,1,1,0,0.57785507627914,0.55627302689986,0.74529640650034,-0.9701292712466,0.24258853449936,0
0.072128608920059,1,0,0,0,0.56342935449513,0.57666975079161,0.77654688334478,-0.97100664396438,0.23905249920682,0
0.056927646006964,0,1,1,0,0.55204382529374,-0.45545762957949,0.41355001144427,-0.97252218786941,0.23281021047561,0
0.029756677419636,0,1,1,0,0.54609248980981,-0.42212428468646,0.41312275883116,-0.97232093918538,0.23364929107887,0
0.026376825334274,0,1,1,0,0.54081712474296,-0.38879093979344,0.41458762493324,-0.97166754732377,0.23635180870433,0
0.02325429698798,0,1,1,0,0.53616626534536,-0.35545759490042,0.41588464179446,-0.97123538986182,0.23812143431442,0
0.020320994254162,0,1,1,0,0.53210206649453,-0.3221242500074,0.41705958648051,-0.97080000951561,0.23989026975786,0
0.02365477819081,0,1,0,1,0.52737111085637,-0.28879090511438,0.38580910963607,-0.97056956794291,0.24082091641531,0
0.025078820067269,0,1,0,1,0.52235534684291,-0.25545756022135,0.35455863279164,-0.97033823421634,0.24175134170861,0
0.017818371468974,1,0,0,0,0.51879167254912,-0.22212422977794,0.38580910963607,-0.97033823421634,0.24175134170861,0
0.018299653468223,0,1,0,1,0.51513174185547,-0.18879089933453,0.35455863279164,-0.97033823421634,0.24175134170861,0
0.017148508864912,1,0,0,1,0.51170204008249,-0.15545756889112,0.3233081559472,-0.97056956794291,0.24082091641531,0
0.01174965731749,1,0,0,0,0.50935210861899,-0.12212423844771,0.35455863279164,-0.97080000951561,0.23989026975786,0
0.0069490663877669,1,0,0,0,0.50796229534144,-0.088790908004298,0.38580910963607,-0.97123538986182,0.23812143431442,0
0.0053062234401864,1,0,0,1,0.5069010506534,-0.055457573948484,0.35455863279164,-0.97166754732377,0.23635180870433,1
-1.0156246106244,1,0,0,0,0.71002597277827,0.0,0.78175020981155,-0.98016728586546,0.19817187418788,0
0.0,0,0,0,0,0.71002597277827,0.0,0.78175020981155,-0.98016728586546,0.19817187418788,0
-0.024823754887829,0,1,0,1,0.71499072375584,0.27011981154933,0.15674067292287,-0.97806280178596,0.20831023921688,0
-0.022006225832613,1,0,0,1,0.71939196892236,0.29717127482096,0.12549019607843,-0.97505119607466,0.22198010053463,0
-0.017402623880028,1,0,0,1,0.72287249369837,0.32359365983443,0.094239719233997,-0.97123538986182,0.23812143431442,0
-0.011124241758778,1,0,0,1,0.72509734205012,0.34940156069669,0.062989242389563,-0.96668773608524,0.25595863123246,0
-0.0033640547377244,1,0,0,1,0.72577015299767,0.37460928252249,0.031738765545129,-0.96139152091986,0.27518419922553,0
0.0056099660788386,1,0,0,1,0.7246481597819,0.39923078363592,0.00048828870069429,-0.95551525885081,0.29494167237484,0
0.015470645573083,1,0,0,1,0.72155403066728,0.4232796755704,0.96925307087816,-0.94986444205509,0.31266202474776,0
0.0046420117088727,0,1,0,1,0.72062562832551,0.44676930976636,0.00048828870069429,-0.94337727427563,0.33172174842822,0
0.015400532642511,1,0,0,1,0.71754552179701,0.46971266197436,0.96925307087816,-0.93691050305619,0.34956931968209,0
0.026630157419164,1,0,0,0,0.71221949031317,0.49212241895271,0.93800259403372,-0.93080868343662,0.36550676442302,0
0.037898207018619,1,0,1,0,0.70463984890945,0.51401103626598,0.90675211718929,-0.92581895471126,0.37796727781297,0
0.048740368180113,1,0,1,0,0.69489177527343,0.53539062268806,0.87550164034485,-0.92196714721351,0.38726809765197,0
0.058661497114207,1,0,1,0,0.68315947585059,0.55627302689986,0.84425116350042,-0.92002496694841,0.39185974556156,0
0.067140890480663,1,0,1,0,0.66973129775445,0.57666975079161,0.81300068665599,-0.92036275130341,0.39106573106477,0
0.073643683595241,1,0,1,0,0.6550025610354,0.59659218065666,0.78175020981155,-0.92230096881694,0.38647240900138,0
0.07763255504245,1,0,1,0,0.63947605002691,0.61605129819928,0.75049973296712,-0.92643376581806,0.37645780314952,0
0.07859193295385,1,0,1,0,0.62375766343614,0.63505785392992,0.71924925612268,-0.93202994754661,0.36238125900254,0
0.076065906082835,1,0,1,0,0.60854448221958,0.65362242496375,0.68799877927825,-0.93897187143978,0.34399393111634,0
0.074179029827293,1,0,1,0,0.59370867625412,0.67175524162524,0.67278553444724,-0.94623548885827,0.32347859222081,0
0.082456848676597,1,0,0,1,0.5772173065188,0.68946636084354,0.70403601129168,-0.95202944837085,0.30600642057756,0
0.088171368493758,1,0,0,1,0.55958303282005,0.70676560835405,0.73528648813611,-0.95605094778705,0.29320058873658,0
0.072974374156525,0,1,0,1,0.54498815798874,0.58555348714193,0.73528648813611,-0.95914416548557,0.28291777924866,0
0.057815773610653,0,1,0,1,0.53342500326661,0.46434136592981,0.73528648813611,-0.96139152091986,0.27518419922553,0
0.042691774075796,0,1,0,1,0.52488664845145,0.34312924471768,0.73528648813611,-0.96360215734829,0.26734038668655,0
0.027594367062006,0,1,0,1,0.51936777503905,0.22191712350556,0.73528648813611,-0.9652745222583,0.2612376249299,0
0.012517939602322,0,1,0,1,0.51686418711859,0.10070500229344,0.73528648813611,-0.96646651532755,0.25679266880233,0
-0.028297401956746,0,1,0,1,0.52252366750994,0.27011981154933,0.16385137712673,-0.96456975061693,0.26382796704442,0
-0.026759121537,1,0,0,1,0.52787549181734,0.29717127482096,0.13260090028229,-0.96139152091986,0.27518419922553,0
-0.023440899697489,1,0,0,1,0.53256367175683,0.32359365983443,0.10135042343786,-0.95733473725072,0.28898131575085,0
-0.018394967414641,1,0,0,0,0.53624266523976,0.34940156069669,0.070099946593423,-0.95232239522809,0.30509351934616,0
-0.01175217095589,1,0,0,0,0.53859309943094,0.37460928252249,0.038849469748989,-0.94679232423549,0.3218451409743,0
-0.0037181673091451,1,0,0,0,0.53933673289277,0.39923078363592,0.0075989929045548,-0.94103250248228,0.33831616761832,0
0.0054500479748343,1,0,0,1,0.5382467232978,0.4232796755704,0.97636377508202,-0.93539361069578,0.35360824802246,0
0.015442129129794,1,0,1,0,0.53515829747184,0.44676930976636,0.94511329823758,-0.92989467295661,0.36782590611173,0
0.025907937335625,1,0,1,0,0.52997671000472,0.46971266197436,0.91386282139315,-0.92516529757136,0.37956445061373,0
0.03646436472765,1,0,1,0,0.52268383705919,0.49212241895271,0.88261234454871,-0.92166984060642,0.38797513440494,0
0.046686437348682,1,0,1,0,0.51334654958945,0.51401103626598,0.85136186770428,-0.91972413910937,0.39256529130773,0
0.056124419705178,1,0,1,0,0.50212166564842,0.53539062268806,0.82011139085985,-0.9193850610557,0.39335875420233,0
0.064287784807758,1,0,1,0,0.48926410868687,0.55627302689986,0.78886091401541,-0.92099891854785,0.38956513195317,0
0.059269222862237,0,1,0,1,0.47741026411442,0.57666975079161,0.82011139085985,-0.92099891854785,0.38956513195317,0
0.0462529248286,0,1,0,1,0.4681596791487,-0.45545762957949,0.17853055619135,-0.91972413910937,0.39256529130773,0
0.052731712585906,0,0,1,0,0.45761333663152,-0.42212428468646,0.20978103303578,-0.92099891854785,0.38956513195317,0
0.048185401616682,0,0,1,0,0.44797625630818,-0.38879093979344,0.24103150988022,-0.92263410371446,0.38567643259994,0
0.041939761530702,0,0,1,0,0.43958830400204,-0.35545759490042,0.27228198672465,-0.92359263372796,0.38337533426585,1
-1.3521883438812,0,0,1,0,0.71002597277827,0.0,0.78175020981155,-0.98016728586546,0.19817187418788,0
0.00076049573001062,0,0,1,0,0.70987387363227,0.27011981154933,0.53174639505608,-0.98303910002573,0.18339609543445,0
0.0077626851927098,1,0,0,1,0.70832133659373,0.29717127482096,0.56299687190051,-0.98600962444408,0.16668839342813,0
0.015683062961838,1,0,0,1,0.70518472400136,0.32359365983443,0.59424734874495,-0.98886805001366,0.14879509286999,0
0.024153125888262,1,0,0,1,0.70035409882371,0.34940156069669,0.62549782558938,-0.99116177945242,0.13265868593014,0
0.032761842984651,1,0,0,1,0.69380173022678,0.37460928252249,0.65674830243381,-0.99296702162694,0.11839127485304,0
0.041052272779189,1,0,0,1,0.68559127567094,0.39923078363592,0.68799877927825,-0.99427362044074,0.1068642489126,0
0.048544247202806,1,0,0,1,0.67588242623038,0.4232796755704,0.71924925612268,-0.99506401740653,0.099235080807074,0
0.054744822121911,1,0,0,1,0.664933461806,0.44676930976636,0.75049973296712,-0.99535456186015,0.096277184130978,0
0.059152531955451,1,0,0,1,0.65310295541491,0.46971266197436,0.78175020981155,-0.99526179840338,0.097231438531307,0
0.061289868835598,1,0,0,1,0.64084498164779,0.49212241895271,0.81300068665599,-0.99467613341752,0.10305042265593,0
0.060722458989869,1,0,0,1,0.62870048984981,0.51401103626598,0.84425116350042,-0.99363163623418,0.11267728908077,0
0.066526809053077,1,0,1,0,0.6153951280392,0.53539062268806,0.81300068665599,-0.99285305732828,0.11934323002955,0
0.051422097039964,0,1,0,1,0.60511070863121,0.41417850147594,0.81300068665599,-0.99215010988447,0.12505262674664,0
0.03634827172117,0,1,0,1,0.59784105428697,0.29296638026382,0.81300068665599,-0.99166323700657,0.12885660390394,0
0.040194157238436,1,0,1,0,0.58980222283928,0.31948653134433,0.78175020981155,-0.99141433085811,0.13075788530399,0
0.042818404786335,0,1,0,0,0.58123854188202,0.34538994413434,0.81300068665599,-0.99090558371809,0.13455899879349,0
0.043434886288863,0,1,0,0,0.57255156462424,0.37069095264782,0.84425116350042,-0.98998021328071,0.14120615182309,0
0.048914433301873,1,0,1,0,0.56276867796387,0.39540357300729,0.81300068665599,-0.98929193209947,0.14595024180485,0
0.048935737914347,0,1,0,0,0.552981530381,0.41954147454464,0.84425116350042,-0.98814340216495,0.15353376422754,0
0.046338515223884,0,1,0,0,0.54371382733622,0.44311803759951,0.87550164034485,-0.98632743742413,0.16479740951953,0
0.040889971096242,0,1,0,0,0.53553583311698,0.46614629572088,0.90675211718929,-0.98388982325413,0.17877588119477,0
0.050077224398328,1,0,1,0,0.52552038823731,0.48863902236476,0.87550164034485,-0.98162184735398,0.19083644514965,0
0.058205350436035,1,0,1,0,0.5138793181501,0.5106086730957,0.84425116350042,-0.97978548853852,0.20005098462477,0
0.064771578259284,1,0,1,0,0.50092500249825,0.53206738558683,0.81300068665599,-0.97883486291948,0.20465168245926,0
0.069242142990108,1,0,1,0,0.48707657390022,0.55302706631747,0.78175020981155,-0.97883486291948,0.20465168245926,0
0.071085208353386,1,0,1,0,0.47285953222955,0.57349933277477,0.75049973296712,-0.97978548853852,0.20005098462477,0
0.069786790459794,1,0,1,0,0.45890217413759,0.59349545565518,0.71924925612268,-0.98143843128328,0.19177748981621,0
0.064907782478244,1,0,1,0,0.44592061764194,0.6130265900583,0.68799877927825,-0.98388982325413,0.17877588119477,0
0.056157654514593,1,0,1,0,0.43468908673902,0.63210348649458,0.65674830243381,-0.9869521825682,0.16101363086354,0
0.053682818279522,1,0,1,0,0.42395252308312,0.65073672207919,0.65027847714961,-0.98984437653504,0.14215523290392,0
0.042283035810537,0,1,0,1,0.41549591592101,0.52952460086707,0.65027847714961,-0.99215010988447,0.12505262674664,0
0.031692399769621,0,1,0,1,0.40915743596709,0.40831247965495,0.65027847714961,-0.99385648439606,0.11067650348604,0
0.021785849517915,0,1,0,1,0.4048002660635,0.28710035844283,0.65027847714961,-0.99516812009548,0.098185603555864,0
0.029026390149728,1,0,0,1,0.39899498803356,0.31375694274902,0.68152895399405,-0.99607221862666,0.088544538398235,0
0.036064317527535,1,0,0,1,0.39178212452805,0.33979360985033,0.71277943083848,-0.99664402830271,0.081857686557515,0
0.032918414503227,1,0,1,0,0.3851984416274,0.36522478045839,0.68152895399405,-0.99739686823971,0.072107469971067,0
0.027164509615492,1,0,1,0,0.37976553970431,0.39006452849417,0.65027847714961,-0.99822382351709,0.059575147191832,0
0.024847339216388,1,0,1,0,0.37479607186103,0.41432658108798,0.63958190280003,-0.99894676700194,0.045884166074662,0
0.024555006044486,1,0,1,0,0.36988507065213,0.43802440527714,0.63804074158846,-0.99947885255034,0.032280385757422,0
0.034082463555456,0,1,0,1,0.36306857794104,0.4611711213083,0.6692912184329,-0.99980732870878,0.019629199173806,0
0.043402419592413,0,1,0,1,0.35438809402256,0.4837795604359,0.70054169527733,-0.99993074978556,0.011768416770341,0
0.052113776447925,0,1,0,1,0.34396533873297,0.50586220712373,0.73179217212177,-0.99997633942843,0.0068789958074775,0
0.039065854402224,0,1,0,1,0.33615216785253,0.38465008591161,0.73179217212177,-0.99999198883801,0.0040027815071397,0
0.026455574597226,0,1,0,1,0.33086105293308,0.26343796469949,0.73179217212177,-0.99999946887099,0.0010306588859989,0
0.014177527907468,0,1,0,1,0.32802554735159,0.14222584348736,0.73179217212177,-0.99999999741473,7.1906446574866e-05,1
-1.9100021271334,0,1,0,1,0.71002597277827,0.0,0.78175020981155,-0.98016728586546,0.19817187418788,0
-0.024823754887829,0,1,0,1,0.71499072375584,0.27011981154933,0.15674067292287,-0.97806280178596,0.20831023921688,0
-0.027644434013154,0,1,0,1,0.72051961055847,0.29717127482096,0.15779354543374,-0.97547505127417,0.22011002780804,0
-0.030476635194105,0,1,0,1,0.72661493759729,0.32359365983443,0.15883115892271,-0.97252218786941,0.23281021047561,0
-0.026853741315179,1,0,0,1,0.73198568586033,0.34940156069669,0.12758068207828,-0.96876530113341,0.24797941712952,0
-0.021373306806377,1,0,0,1,0.7362603472216,0.37460928252249,0.096330205233845,-0.96408755356529,0.26558461751483,0
-0.014173361605621,1,0,0,1,0.73909501954273,0.39923078363592,0.06507972838941,-0.95838121547012,0.28549158627534,0
-0.0054744600005187,1,0,0,1,0.74018991154283,0.4232796755704,0.033829251544976,-0.95202944837085,0.30600642057756,0
0.0044381704509778,1,0,0,1,0.73930227745263,0.44676930976636,0.0025787747005417,-0.94508203457766,0.32683321116214,0
0.015219691557074,1,0,0,1,0.73625833914122,0.46971266197436,0.971343556878,-0.93870775120406,0.34471402325611,0
0.026477423302559,1,0,1,0,0.73096285448071,0.49212241895271,0.94009308003357,-0.93234229111691,0.36157689665529,0
0.037779091698442,1,0,1,0,0.72340703614102,0.51401103626598,0.90884260318914,-0.92708205976021,0.37485844591094,0
0.04865655512274,1,0,1,0,0.71367572511647,0.53539062268806,0.8775921263447,-0.92359263372796,0.38337533426585,0
0.05860988916064,1,0,1,0,0.70195374728434,0.55627302689986,0.84634164950027,-0.92166984060642,0.38797513440494,0
0.06711979300499,1,0,1,0,0.68852978868335,0.57666975079161,0.81509117265583,-0.92166984060642,0.38797513440494,0
0.073648897477361,1,0,1,0,0.67380000918787,0.59659218065666,0.7838406958114,-0.92359263372796,0.38337533426585,0
0.073477079602798,1,0,0,0,0.65910459326731,0.61605129819928,0.80256351567865,-0.92483743562175,0.38036261340013,0
0.075510973241597,1,0,0,0,0.64400239861899,0.63505785392992,0.80256351567865,-0.92581895471126,0.37796727781297,0
0.081453307146417,1,0,1,0,0.62771173718971,0.65362242496375,0.77131303883421,-0.92833472561471,0.37174539300154,0
0.07958590922687,1,0,0,0,0.61179455534434,0.67175524162524,0.80187685969329,-0.92989467295661,0.36782590611173,0
0.085730421034967,1,0,1,0,0.59464847113734,0.68946636084354,0.77062638284886,-0.93234229111691,0.36157689665529,0
0.070579035391277,0,1,0,1,0.58053266405909,0.56825423963142,0.77062638284886,-0.93478197698787,0.35522198059615,0
0.055468618732818,0,1,0,1,0.56943894031252,0.4470421184193,0.77062638284886,-0.93660851885026,0.35037762830569,0
0.040396867111439,0,1,1,0,0.56135956689024,0.32582999720718,0.77062638284886,-0.9384099558539,0.34552388449177,0
0.044178748815085,1,0,1,0,0.55252381712722,0.35158587947036,0.73937590600443,-0.94103250248228,0.33831616761832,0
0.046136344022917,1,0,1,0,0.54329654832264,0.3767427964644,0.70812542915999,-0.9447996658005,0.32764857927857,0
0.045852842028076,1,0,1,0,0.53412597991702,0.40131467761415,0.67687495231556,-0.94929331186759,0.31439180657815,0
0.051893935187198,0,1,0,1,0.52374719287958,0.42531510555383,0.70812542915999,-0.95310897845526,0.3026272875799,0
0.050908748088767,1,0,1,0,0.51356544326183,0.44875740282463,0.67687495231556,-0.95733473725072,0.28898131575085,0
0.05727898547805,0,1,0,1,0.50210964616622,0.47165451627789,0.70812542915999,-0.96088864229986,0.27693504129875,0
0.061828260203039,0,1,0,1,0.48974399412561,0.49401913267193,0.73937590600443,-0.96360215734829,0.26734038668655,0
0.062439518822925,1,0,1,0,0.47725609036103,0.51586364977288,0.70812542915999,-0.96668773608524,0.25595863123246,0
0.047655280698583,0,1,0,1,0.46772503422131,0.39465152856075,0.70812542915999,-0.96945103337149,0.24528492390474,0
0.032958904834607,0,1,0,1,0.46113325325439,0.27343940734863,0.70812542915999,-0.97144049786064,0.23728328874209,0
0.018325643573991,0,1,0,1,0.45746812453959,0.15222728613651,0.70812542915999,-0.9731657294422,0.23010533031471,0
0.003732464239529,0,0,0,0,0.45672163169168,0.03101516492439,0.70812542915999,-0.97443023843248,0.22469025441354,0
0.03000500068092,0,1,1,0,0.4507206315555,0.27011981154933,0.67687495231556,-0.97668394331604,0.21468226491408,0
0.035631663606398,0,1,0,1,0.44359429883422,0.29717127482096,0.70812542915999,-0.9784604394342,0.20643441685493,0
0.031938740506749,0,0,0,0,0.43720655073287,0.26686824451793,0.70812542915999,-0.97997683760254,0.19911152091863,0
0.028263156268536,0,0,0,0,0.43155391947916,0.2365652142149,0.70812542915999,-0.98143843128328,0.19177748981621,0
0.02460362992234,0,0,0,0,0.42663319349469,0.20626218391187,0.70812542915999,-0.98250754002177,0.18622280687491,0
0.020957652729334,0,0,0,0,0.42244166294883,0.17595915360884,0.70812542915999,-0.9837179692366,0.17971910583191,0
0.017326850079073,0,0,0,0,0.41897629293301,0.14565612330581,0.70812542915999,-0.98471883192626,0.17415172135179,0
0.01370816548485,0,0,0,0,0.41623465983604,0.11535309300278,0.70812542915999,-0.98554235634718,0.16942922960827,0
0.010098849932501,0,0,0,0,0.41421488984954,0.085050062699751,0.70812542915999,-0.98632743742413,0.16479740951953,0
0.006497242589621,0,0,0,0,0.41291544133162,0.054747032396721,0.70812542915999,-0.98710610117885,0.16006731401346,1
-1.4855526572333,0,1,0,0,0.71002597277827,0.0,0.78175020981155,-0.98016728586546,0.19817187418788,0
-0.034072009546758,0,1,0,0,0.71684037468762,0.27011981154933,0.2817425803006,-0.98016728586546,0.19817187418788,0
-0.036970339017497,1,0,0,1,0.72423444249112,0.29717127482096,0.25049210345617,-0.97959323884929,0.20099026444274,0
-0.038194449801927,1,0,0,1,0.73187333245151,0.32359365983443,0.21924162661173,-0.97826207022252,0.20737242334495,0
-0.037526557755757,1,0,0,1,0.73937864400266,0.34940156069669,0.1879911497673,-0.97629125139987,0.21646106448986,0
-0.034859683558945,1,0,0,1,0.74635058071445,0.37460928252249,0.15674067292287,-0.97296681449815,0.23094496722233,0
-0.030191947704362,1,0,0,1,0.75238897025532,0.39923078363592,0.12549019607843,-0.96900260676563,0.24705049702727,0
-0.023618924386104,1,0,0,1,0.75711275513254,0.4232796755704,0.094239719233997,-0.96360215734829,0.26734038668655,0
-0.015321738803682,1,0,0,0,0.76017710289328,0.44676930976636,0.062989242389563,-0.95733473725072,0.28898131575085,0
-0.0055532345813963,1,0,0,0,0.76128774980956,0.46971266197436,0.031738765545129,-0.95040260529529,0.31102232692836,0
-0.011423274901212,0,0,0,1,0.7635724047898,0.49212241895271,0.043930724040589,-0.94251540888404,0.33416269093983,0
-0.014051827242242,0,0,0,1,0.76638277023825,0.51401103626598,0.046494239719234,-0.93389359160161,0.35755105868315,0
-0.016963022626212,0,0,0,1,0.76977537476349,0.53539062268806,0.04933241779202,-0.92454542469076,0.38107185370134,0
-0.020050225625013,0,0,0,1,0.77378541988849,0.55627302689986,0.052414740215152,-0.91448864027319,0.40461157523148,0
-0.016503726313349,0,0,1,0,0.77708616515116,0.43506090568774,0.052414740215152,-0.90510037116511,0.42519797520307,0
-0.012347400759497,0,0,1,0,0.77955564530306,0.31384878447562,0.052414740215152,-0.89716275454638,0.44170011529854,0
-0.0077608137873859,0,0,1,0,0.78110780806054,0.19263666326349,0.052414740215152,-0.89089223901906,0.45421472725531,0
-0.0029127860749318,0,0,1,0,0.78169036527553,0.071424542051373,0.052414740215152,-0.88662962263826,0.46248017499169,0
0.012636172856785,0,0,1,0,0.77916313070417,0.27011981154933,0.56102845807584,-0.89370553833871,0.44865399891534,0
0.0065043607698521,0,1,1,0,0.7778622585502,0.29717127482096,0.5297779812314,-0.90268071144523,0.43031097265203,0
0.013600073645063,0,0,1,0,0.77514224382119,0.32359365983443,0.55738155184253,-0.91214598782862,0.40986546193618,0
0.022139541030648,1,0,0,0,0.77071433561506,0.34940156069669,0.58863202868696,-0.92133472257038,0.38877027790993,0
0.030917314489528,1,0,0,0,0.76453087271715,0.37460928252249,0.6198825055314,-0.92957693816939,0.36862815413858,0
0.03948033840922,1,0,0,0,0.75663480503531,0.39923078363592,0.65113298237583,-0.93721178967856,0.34876075078412,0
0.047347911759347,1,0,0,0,0.74716522268344,0.4232796755704,0.68238345922026,-0.94337727427563,0.33172174842822,0
0.054021529161186,1,0,0,0,0.7363609168512,0.44676930976636,0.7136339360647,-0.94792807318826,0.31848448637507,0
0.059000575762103,1,0,0,0,0.72456080169878,0.46971266197436,0.74488441290913,-0.95123412143835,0.30846984651893,0
0.061802640886499,1,0,0,0,0.71220027352148,0.49212241895271,0.77613488975357,-0.95310897845526,0.3026272875799,0
0.061988059101211,0,1,0,1,0.69980266170124,0.51401103626598,0.807385366598,-0.95339868506422,0.30171335289942,0
0.059200049500475,0,1,0,1,0.68796265180114,0.53539062268806,0.83863584344244,-0.95202944837085,0.30600642057756,0
0.053204757709252,0,1,0,1,0.67732170025929,0.55627302689986,0.86988632028687,-0.94929331186759,0.31439180657815,0
0.043947319219923,0,1,0,1,0.66853223641531,0.57666975079161,0.9011367971313,-0.94508203457766,0.32683321116214,0
0.055442094690183,1,0,1,0,0.65744381747727,0.59659218065666,0.86988632028687,-0.9416472276851,0.33660139422313,0
0.043590924338208,0,1,0,1,0.64872563260963,0.47538005944454,0.86988632028687,-0.93897187143978,0.34399393111634,0
0.052746283660732,1,0,1,0,0.63817637587748,0.49765806487112,0.83863584344244,-0.93751237849307,0.34795192221378,0
0.03964519663699,0,1,0,1,0.63024733655009,0.376445943659,0.83863584344244,-0.93630583728564,0.35118567605306,0
0.026750442867675,0,1,0,1,0.62489724797655,0.25523382244688,0.83863584344244,-0.93569838298225,0.35280098651279,0
0.032830257814554,1,0,1,0,0.61833119641364,0.28263149839459,0.807385366598,-0.93569838298225,0.35280098651279,0
0.038152086838464,1,0,1,0,0.61070077904595,0.30939200430205,0.77613488975357,-0.93691050305619,0.34956931968209,0
0.042240568914125,1,0,1,0,0.60225266526312,0.33553016547001,0.74488441290913,-0.93926834641879,0.34318358558608,0
0.044639813887864,1,0,1,0,0.59332470248555,0.36106046040853,0.7136339360647,-0.94280339939035,0.33334929143167,0
0.044931364566342,1,0,1,0,0.58433842957228,0.38599704973625,0.68238345922026,-0.94706968461592,0.32102805559874,0
0.046403542841742,1,0,1,0,0.57505772100393,0.41035371838194,0.67335011825742,-0.95176504797116,0.30682779121269,0
0.052710740711373,1,0,0,0,0.56451557286166,0.4341439333829,0.70460059510185,-0.95551525885081,0.29494167237484,0
0.057355254008921,1,0,0,0,0.55304452205987,0.45738090168346,0.73585107194629,-0.95838121547012,0.28549158627534,0
0.059847263054738,1,0,0,0,0.54107506944893,0.48007748343728,0.76710154879072,-0.95990020335633,0.28034193335368,1
-0.84475451664674,1,0,1,0,0.71002597277827,0.0,0.78175020981155,-0.98016728586546,0.19817187418788,0
-0.034072009546758,0,1,0,0,0.71684037468762,0.27011981154933,0.2817425803006,-0.98016728586546,0.19817187418788,0
-0.036970339017497,1,0,0,1,0.72423444249112,0.29717127482096,0.25049210345617,-0.97959323884929,0.20099026444274,0
-0.04082537272776,0,1,0,0,0.73239951703668,0.32359365983443,0.2817425803006,-0.97959323884929,0.20099026444274,0
-0.043491227793463,0,1,0,1,0.74109776259537,0.34940156069669,0.25049210345617,-0.97883486291948,0.20465168245926,0
-0.044259097909244,1,0,0,0,0.74994958217722,0.37460928252249,0.21924162661173,-0.97747983989876,0.21102881933871,0
-0.042957217028188,1,0,0,0,0.75854102558285,0.39923078363592,0.1879911497673,-0.97485929150465,0.22282136739337,0
-0.039518483093088,0,0,0,1,0.76644472220147,0.4232796755704,0.15674067292287,-0.97123538986182,0.23812143431442,0
-0.03398545467452,0,0,0,1,0.77324181313638,0.44676930976636,0.12549019607843,-0.96646651532755,0.25679266880233,0
-0.026491158424419,0,0,0,1,0.77854004482126,0.46971266197436,0.094239719233997,-0.9604092897096,0.27859288619687,0
-0.017248581133139,0,0,0,1,0.78198976104789,0.49212241895271,0.062989242389563,-0.95310897845526,0.3026272875799,0
-0.011169637260817,0,0,0,1,0.78422368850005,0.51401103626598,0.043350881208515,-0.94508203457766,0.32683321116214,0
-0.013969840956105,0,0,0,1,0.78701765669127,0.53539062268806,0.046219577325093,-0.93600245858767,0.35199346232257,0
-0.017060710043806,0,0,0,1,0.79042979870003,0.55627302689986,0.04933241779202,-0.92610858405166,0.37725706162486,0
-0.020329439993219,0,0,0,1,0.79449568669868,0.57666975079161,0.052552071412222,-0.91545581847984,0.40241849412199,0
-0.023760767452861,0,0,0,1,0.79924784018925,0.59659218065666,0.055878538185702,-0.90407862303893,0.42736617012117,0
-0.027450150089882,0,0,0,1,0.80473787020723,0.61605129819928,0.059128709849699,-0.89158795783306,0.45284756093753,0
-0.031268970045715,0,0,0,1,0.81099166421637,0.63505785392992,0.062607766842145,-0.87805830836371,0.4785536616864,0
-0.035313288686278,0,0,0,1,0.81805432195362,0.65362242496375,0.066163118944076,-0.86349771815211,0.50435274436262,0
-0.039446932016239,0,0,0,1,0.82594370835687,0.67175524162524,0.07002365148394,-0.84833164230071,0.52946522517667,0
-0.04364824906558,0,0,0,1,0.83467335816999,0.68946636084354,0.07367055771725,-0.83190380429707,0.55491986844595,0
-0.048011358719258,0,0,0,1,0.84427562991384,0.70676560835405,0.077485313191424,-0.8146012299624,0.58002141007359,0
-0.052396687554432,0,0,0,1,0.85475496742473,0.72366252089992,0.081437399862669,-0.79619359151741,0.60504195294757,0
-0.056895374128842,0,0,0,1,0.8661340422505,0.74016651962743,0.085511558709087,-0.77677626790322,0.62977665058523,0
-0.061368633410045,0,0,0,1,0.8784077689325,0.75628667889219,0.089692530708782,-0.75615182606937,0.654396222431,0
-0.065796389648592,0,0,0,1,0.89156704686222,0.77203195745295,0.09394979781796,-0.7348124532178,0.67827034329686,0
-0.070267077013427,0,0,0,1,0.90562046226491,0.78741108287464,0.098161287861448,-0.7122487242187,0.70192717204054,0
-0.074647257917285,0,0,0,1,0.92054991384837,0.80243255152847,0.10270847638666,-0.68836761535591,0.72536199661219,0
-0.079024096871683,0,0,0,1,0.9363547332227,0.81710468639027,0.1071793698024,-0.66335723764238,0.74830286332973,1
1.1316438022221,0,0,0,1,0.71002597277827,0.0,0.78175020981155,-0.98016728586546,0.19817187418788,0
0.024665132930048,1,0,1,0,0.70509294619226,0.27011981154933,0.65674830243381,-0.98214865077766,0.18810642672599,0
0.031532083854664,1,0,0,0,0.69878652942133,0.29717127482096,0.68799877927825,-0.98406077287371,0.17783249222567,0
0.037902564658446,1,0,0,0,0.69120601648964,0.32359365983443,0.71924925612268,-0.98537946269548,0.17037404291136,0
0.043296737507521,1,0,0,0,0.68254666898814,0.34940156069669,0.75049973296712,-0.98616898418058,0.16574297764984,0
0.043734388118638,1,0,1,0,0.67379979136441,0.37460928252249,0.71924925612268,-0.98741121619642,0.15817423977853,0
0.049377741737164,1,0,0,1,0.66392424301698,0.39923078363592,0.75049973296712,-0.98799574713458,0.15448107859535,0
0.053356575763484,1,0,0,1,0.65325292786428,0.4232796755704,0.78175020981155,-0.98814340216495,0.15353376422754,0
0.05520934080521,1,0,0,1,0.64221105970324,0.44676930976636,0.81300068665599,-0.98756241232286,0.15722748413381,0
0.054526317912974,1,0,0,1,0.63130579612064,0.46971266197436,0.84425116350042,-0.98616898418058,0.16574297764984,0
0.060643064815674,1,0,1,0,0.61917718315751,0.49212241895271,0.81300068665599,-0.98537946269548,0.17037404291136,0
0.059324860895762,1,0,0,1,0.60731221097836,0.51401103626598,0.84425116350042,-0.98388982325413,0.17877588119477,0
0.045168897758933,0,1,0,1,0.59827843142657,0.39279891505386,0.84425116350042,-0.98250754002177,0.18622280687491,0
0.031142463204528,0,1,0,1,0.59204993878566,0.27158679384174,0.84425116350042,-0.98143843128328,0.19177748981621,0
0.036564374647056,1,0,1,0,0.58473706385625,0.29860415603175,0.81300068665599,-0.98071449018441,0.19544587164312,0
0.040856459162618,1,0,1,0,0.57656577202373,0.32499322024259,0.78175020981155,-0.98071449018441,0.19544587164312,0
0.043555974727999,1,0,1,0,0.56785457707813,0.3507685805812,0.75049973296712,-0.98143843128328,0.19177748981621,0
0.044238307709946,1,0,1,0,0.55900691553614,0.37594451326312,0.71924925612268,-0.98268563003508,0.18528073975065,0
0.049634347193139,1,0,0,1,0.54908004609751,0.40053494771322,0.75049973296712,-0.9835452109791,0.18066216527008,0
0.053323829528101,1,0,0,1,0.53841528019189,0.42455352436412,0.78175020981155,-0.9837179692366,0.17971910583191,0
0.05544441886623,1,0,1,0,0.52732639641865,0.44801350795861,0.75049973296712,-0.98438308497248,0.17603960355572,0
0.055042777368775,1,0,1,0,0.51631784094489,0.47092793204568,0.71924925612268,-0.98570434408191,0.16848426056473,0
0.051745233415251,1,0,1,0,0.50596879426184,0.49330948338364,0.68799877927825,-0.98756241232286,0.15722748413381,0
0.045318087907011,1,0,1,0,0.49690517668044,0.5151705308394,0.65674830243381,-0.98984437653504,0.14215523290392,0
0.034042971365547,0,1,0,1,0.49009658240733,0.39395840962728,0.65674830243381,-0.99178632282282,0.12790578509823,0
0.023246145192816,0,1,0,1,0.48544735336877,0.27274628841516,0.65674830243381,-0.99319221189506,0.11648703889706,0
0.012797375807354,0,1,0,1,0.4828878782073,0.15153416720304,0.65674830243381,-0.99417070710622,0.10781746209182,0
0.0025503020654036,0,1,0,0,0.48237781779421,0.030322045990915,0.65674830243381,-0.99487190439709,0.10114293767395,0
-0.021111660370762,0,1,0,1,0.48660014986837,0.27011981154933,0.14616617074846,-0.9940668799235,0.10877057616452,0
-0.017516441735352,1,0,0,1,0.49010343821544,0.29717127482096,0.11491569390402,-0.99262239092555,0.12124681040441,0
-0.012306018207579,1,0,0,1,0.49256464185695,0.32359365983443,0.083665217059586,-0.99064574459711,0.13645881690691,0
-0.0056334047456748,1,0,0,1,0.49369132280609,0.34940156069669,0.052414740215152,-0.98814340216495,0.15353376422754,0
0.0022825134343276,1,0,0,1,0.49323482011922,0.37460928252249,0.021164263370718,-0.98505095824098,0.17226319882241,0
0.011169089540937,1,0,0,1,0.49100100221104,0.39923078363592,0.98992904554818,-0.98162184735398,0.19083644514965,0
0.020711338656029,1,0,1,0,0.48685873447983,0.4232796755704,0.95867856870375,-0.97806280178596,0.20831023921688,0
0.030549531647534,1,0,1,0,0.48074882815032,0.44676930976636,0.92742809185931,-0.97443023843248,0.22469025441354,0
0.04029174123999,1,0,1,0,0.47269047990233,0.46971266197436,0.89617761501488,-0.97123538986182,0.23812143431442,0
0.049514066227369,1,0,1,0,0.46278766665685,0.49212241895271,0.86492713817044,-0.96876530113341,0.24797941712952,0
0.057753521659123,1,0,1,0,0.45123696232503,0.51401103626598,0.83367666132601,-0.96717676063109,0.25410453300786,0
0.064511858413307,1,0,1,0,0.43833459064237,0.53539062268806,0.80242618448157,-0.96668773608524,0.25595863123246,0
0.06925599269865,1,0,1,0,0.42448339210264,0.55627302689986,0.77117570763714,-0.96739566159315,0.25326988358421,0
0.071435139105317,1,0,1,0,0.41019636428157,0.57666975079161,0.73992523079271,-0.96900260676563,0.24705049702727,0
0.070488628538591,1,0,1,0,0.39609863857385,0.59659218065666,0.70867475394827,-0.97189370362375,0.23542011141044,0
0.065911010572685,1,0,1,0,0.38291643645932,0.61605129819928,0.67742427710384,-0.97547505127417,0.22011002780804,0
0.060909408315069,1,0,1,0,0.3707345547963,0.63505785392992,0.65690089265278,-0.97940008871157,0.20192935950915,0
0.060311490367623,1,0,1,0,0.35867225672278,0.65362242496375,0.65465781643397,-0.98319698238023,0.18254778508219,1
-1.7567685802775,1,0,1,0,0.71002597277827,0.0,0.78175020981155,-0.98016728586546,0.19817187418788,0
0.024665132930048,1,0,1,0,0.70509294619226,0.27011981154933,0.65674830243381,-0.98214865077766,0.18810642672599,0
0.031532083854664,1,0,0,0,0.69878652942133,0.29717127482096,0.68799877927825,-0.98406077287371,0.17783249222567,0
0.037902564658446,1,0,0,0,0.69120601648964,0.32359365983443,0.71924925612268,-0.98537946269548,0.17037404291136,0
0.043296737507521,1,0,0,0,0.68254666898814,0.34940156069669,0.75049973296712,-0.98616898418058,0.16574297764984,0
0.047238437138354,1,0,0,1,0.67309898156047,0.37460928252249,0.78175020981155,-0.98632743742413,0.16479740951953,0
0.049272418406344,1,0,0,1,0.6632444978792,0.39923078363592,0.81300068665599,-0.98570434408191,0.16848426056473,0
0.049000236189001,0,1,0,1,0.6534444506414,0.4232796755704,0.84425116350042,-0.98455141095241,0.17509574292833,0
0.046100162280874,0,1,0,1,0.64422441818522,0.44676930976636,0.87550164034485,-0.98250754002177,0.18622280687491,0
0.04038528893577,0,1,0,1,0.63614736039807,0.46971266197436,0.90675211718929,-0.97959323884929,0.20099026444274,0
0.04986636261302,1,0,0,0,0.62617408787546,0.49212241895271,0.87550164034485,-0.97707339426782,0.21290275295066,0
0.058279254649075,1,0,0,0,0.61451823694565,0.51401103626598,0.84425116350042,-0.97505119607466,0.22198010053463,0
0.06511349703212,1,0,0,0,0.60149553753923,0.53539062268806,0.81300068665599,-0.9742359955635,0.22553098445312,0
0.069750813923956,1,0,0,0,0.58754537475443,0.55627302689986,0.78443579766537,-0.97401931941194,0.22646493197027,0
0.072265221142909,1,0,0,0,0.57309233052585,0.57666975079161,0.78443579766537,-0.9742359955635,0.22553098445312,0
0.07471050822322,1,0,0,0,0.55815022888121,0.59659218065666,0.78443579766537,-0.9742359955635,0.22553098445312,0
0.074141676373597,1,0,0,1,0.54332189360649,0.61605129819928,0.8156862745098,-0.97360516826913,0.22823885804053,0
0.059384956944099,0,1,0,1,0.53144490221767,0.49483917698716,0.8156862745098,-0.97274494826053,0.23187769542071,0
0.044733354290807,0,1,0,1,0.52249823135951,0.37362705577504,0.8156862745098,-0.97209648046742,0.23458139879979,0
0.030165245723931,0,1,0,1,0.51646518221472,0.25241493456291,0.8156862745098,-0.97166754732377,0.23635180870433,0
0.015662250435725,0,1,0,1,0.51333273212758,0.13120281335079,0.8156862745098,-0.97144049786064,0.23728328874209,0
0.0011931897117546,0,1,1,0,0.51309409418523,0.0099906921386719,0.8156862745098,-0.97123538986182,0.23812143431442,0
-0.020945993178088,0,1,1,0,0.51728329282084,0.27011981154933,0.41046768902113,-0.97338589622699,0.22917219950591,0
-0.01727321597991,1,0,0,1,0.52073793601683,0.29717127482096,0.44171816586557,-0.9764776672761,0.21561856439331,0
-0.011975811360731,1,0,0,1,0.52313309828897,0.32359365983443,0.47296864271,-0.97978548853852,0.20005098462477,0
-0.0052067220485215,1,0,0,1,0.52417444269868,0.34940156069669,0.50421911955444,-0.98319698238023,0.18254778508219,0
-0.015352556682382,0,1,0,1,0.52724495403515,0.37460928252249,0.47296864271,-0.98648498402907,0.16385168990636,0
-0.026023392285962,0,1,0,1,0.53244963249234,0.39923078363592,0.44171816586557,-0.98929193209947,0.14595024180485,0
-0.036541942689294,0,1,0,1,0.5397580210302,0.4232796755704,0.41046768902113,-0.99166323700657,0.12885660390394,0
-0.046224136617439,0,1,0,1,0.54900284835369,0.44676930976636,0.3792172121767,-0.99341375036899,0.1145823746386,0
-0.054451848291776,0,1,0,1,0.55989321801205,0.46971266197436,0.34796673533227,-0.9947744761089,0.10209672708893,0
-0.060719446074098,1,0,0,1,0.57203710722687,0.49212241895271,0.31671625848783,-0.99553734388005,0.094368410711712,0
-0.064659941073741,1,0,0,1,0.58496909544161,0.51401103626598,0.2854657816434,-0.99589192601077,0.09054982996422,0
-0.066057631704299,1,0,0,1,0.59818062178247,0.53539062268806,0.25421530479896,-0.99580465342201,0.09150460219607,0
-0.06482771829256,0,0,0,1,0.61114616544099,0.55627302689986,0.22296482795453,-0.99516812009548,0.098185603555864,0
-0.061011454445061,0,0,0,1,0.62334845633,0.57666975079161,0.19171435111009,-0.99385648439606,0.11067650348604,0
-0.054740294928212,0,0,0,1,0.63429651531564,0.59659218065666,0.16046387426566,-0.99178632282282,0.12790578509823,0
-0.046220896067144,0,0,0,1,0.64354069452907,0.61605129819928,0.12921339742123,-0.98872493786313,0.14974310417363,0
-0.035718571016852,0,0,0,1,0.65068440873244,0.63505785392992,0.097962920576791,-0.98423081793822,0.17688893979178,0
-0.023537631402978,0,0,0,1,0.65539193501304,0.65362242496375,0.066712443732357,-0.9784604394342,0.20643441685493,0
-0.010021940145525,0,0,0,1,0.65739632304214,0.67175524162524,0.035461966887922,-0.97123538986182,0.23812143431442,0
-0.014123814378382,0,0,0,1,0.66022108591782,0.68946636084354,0.038406958113985,-0.96311356357666,0.26909526873334,0
-0.018948923470059,0,0,0,1,0.66401087061183,0.70676560835405,0.042343785763333,-0.95365867172327,0.30089057454001,0
-0.023945559885814,0,0,0,1,0.66879998258899,0.72366252089992,0.046356908522164,-0.94309068792552,0.33253564372587,0
-0.02921692843462,0,0,0,1,0.67464336827592,0.74016651962743,0.050324254215305,-0.93143807206663,0.36389987346081,0
-0.034589705057715,0,0,0,1,0.68156130928746,0.75628667889219,0.054489967193103,-0.91874271281063,0.39485671788303,1
-0.14232331745407,0,0,0,1,0.71002597277827,0.0,0.78175020981155,-0.98016728586546,0.19817187418788,0
0.023349008524939,1,0,0,1,0.70535617107329,0.27011981154933,0.90675211718929,-0.97826207022252,0.20737242334495,0
0.019603655679699,0,1,0,1,0.70143543993735,0.29717127482096,0.93800259403372,-0.97526357190873,0.22104516576442,0
0.017350533970959,0,0,0,0,0.69796533314315,0.26686824451793,0.93800259403372,-0.97209648046742,0.23458139879979,0
0.024720175819839,1,0,1,0,0.69302129797919,0.29399533705278,0.90675211718929,-0.96921542028077,0.24621427474858,0
0.021978856446419,0,0,0,0,0.6886255266899,0.26369230674975,0.90675211718929,-0.96646651532755,0.25679266880233,0
0.019297607454803,0,0,0,0,0.68476600519894,0.23338927644672,0.90675211718929,-0.96408755356529,0.26558461751483,0
0.026787980182932,1,0,1,0,0.67940840916236,0.27011981154933,0.87550164034485,-0.96189120932086,0.27343244399898,0
0.033320328294371,0,1,1,0,0.67274434350348,0.29717127482096,0.84425116350042,-0.9604092897096,0.27859288619687,0
0.039173753765017,0,1,1,0,0.66490959275048,0.32359365983443,0.81300068665599,-0.95990020335633,0.28034193335368,0
0.035465146782183,0,0,0,0,0.65781656339404,0.2932906295314,0.81300068665599,-0.95963098366063,0.28126211120329,0
0.031768092786664,0,0,0,0,0.65146294483671,0.26298759922837,0.81300068665599,-0.95938793173274,0.28209005024207,0
0.028080224222063,0,0,0,0,0.6458468999923,0.23268456892534,0.81300068665599,-0.95938793173274,0.28209005024207,0
0.024401918605216,0,0,0,0,0.64096651627125,0.20238153862231,0.81300068665599,-0.95938793173274,0.28209005024207,0
0.020732888641837,0,0,0,0,0.63681993854288,0.17207850831928,0.81300068665599,-0.95938793173274,0.28209005024207,0
0.017069703568649,0,0,0,0,0.63340599782916,0.14177547801625,0.81300068665599,-0.95938793173274,0.28209005024207,0
0.013414540412591,0,0,0,0,0.63072308974664,0.11147244771322,0.81300068665599,-0.95938793173274,0.28209005024207,0
0.033837262343131,0,1,1,0,0.62395563727801,0.27011981154933,0.78175020981155,-0.95990020335633,0.28034193335368,0
0.030033141099982,0,0,0,0,0.61794900905801,0.2398167812463,0.78175020981155,-0.96064932363396,0.27776406715344,0
0.026231087617099,0,0,0,0,0.61270279153459,0.20951375094327,0.78175020981155,-0.96139152091986,0.27518419922553,0
0.022432244578067,0,0,0,0,0.60821634261898,0.17921072064024,0.78175020981155,-0.96212678986534,0.27260234816195,0
0.018635898493962,0,0,0,0,0.60448916292019,0.14890769033721,0.78175020981155,-0.96288100884388,0.26992621734057,0
0.014841229963282,0,0,0,0,0.60152091692753,0.11860466003418,0.78175020981155,-0.96337111668142,0.26817175754354,0
0.033870899274853,0,1,1,0,0.59474673707256,0.27011981154933,0.75049973296712,-0.96456975061693,0.26382796704442,0
0.030062771163848,0,0,0,0,0.58873418283979,0.2398167812463,0.75049973296712,-0.96574879873292,0.25947881945532,0
0.032602984906937,0,1,1,0,0.5822135858584,0.27011981154933,0.71924925612268,-0.96763804010266,0.25234227419573,0
0.037223593555197,1,0,0,1,0.57476886714737,0.29717127482096,0.75049973296712,-0.96900260676563,0.24705049702727,0
0.040475389939194,1,0,0,1,0.56667378915953,0.32359365983443,0.78175020981155,-0.96968575533649,0.24435534759341,0
0.043744004212353,1,0,1,0,0.55792498831706,0.34940156069669,0.75049973296712,-0.97100664396438,0.23905249920682,0
0.039933681343097,0,0,0,0,0.54993825204844,0.31909853039366,0.75049973296712,-0.97209648046742,0.23458139879979,0
0.041505540242391,1,0,1,0,0.54163714399996,0.34501095974084,0.71924925612268,-0.97380174793547,0.22739867131939,0
0.037796618493537,0,0,0,0,0.53407782030125,0.31470792943781,0.71924925612268,-0.9756646160617,0.21926823063358,0
0.037549541548387,1,0,1,0,0.52656791199157,0.34072245973529,0.68799877927825,-0.9778626343077,0.20924786360869,0
0.035112496456596,1,0,1,0,0.51954541270025,0.36613201372551,0.65749599450675,-0.98052665523167,0.19638604426024,0
0.04268393368089,1,0,0,1,0.51100862596408,0.39095063643022,0.68874647135119,-0.98268563003508,0.18528073975065,0
0.04931479992396,0,1,0,1,0.50114566597928,0.41519208387895,0.71999694819562,-0.98423081793822,0.17688893979178,0
0.054519228234516,0,1,0,1,0.49024182033238,0.4388697942098,0.75124742504005,-0.98505095824098,0.17226319882241,0
0.057792545855083,1,0,0,1,0.47868331116136,0.4619968587702,0.78249790188449,-0.98521566327656,0.17131869960552,0
0.053962668670984,0,0,0,0,0.46789077742717,0.43169382846717,0.78249790188449,-0.98521566327656,0.17131869960552,0
0.050140043573497,0,0,0,0,0.45786276871247,0.40139079816414,0.78249790188449,-0.98521566327656,0.17131869960552,0
0.046321270511709,0,0,0,0,0.44859851461013,0.37108776786111,0.78249790188449,-0.98521566327656,0.17131869960552,0
0.049032233654699,1,0,1,0,0.43879206787919,0.39579114046964,0.75124742504005,-0.98570434408191,0.16848426056473,0
0.049526094780415,1,0,1,0,0.4288868489231,0.41992002544981,0.71999694819562,-0.98679735674467,0.16195979970885,0
0.047392409269988,1,0,1,0,0.41940836706911,0.44348777424205,0.68874647135119,-0.98843598716723,0.15163871297511,0
0.042323709516564,1,0,1,0,0.41094362516579,0.46650744929458,0.65749599450675,-0.99038226304486,0.13835813328512,0
0.041275593565766,1,0,1,0,0.40268850645264,0.48899176626494,0.64968337529564,-0.99238807482377,0.12314994497593,1
-1.5366873316282,1,0,1,0,0.71002597277827,0.0,0.78175020981155,-0.98016728586546,0.19817187418788,0
0.024665132930048,1,0,1,0,0.70509294619226,0.27011981154933,0.65674830243381,-0.98214865077766,0.18810642672599,0
0.031532083854664,1,0,0,0,0.69878652942133,0.29717127482096,0.68799877927825,-0.98406077287371,0.17783249222567,0
0.037902564658446,1,0,0,0,0.69120601648964,0.32359365983443,0.71924925612268,-0.98537946269548,0.17037404291136,0
0.043296737507521,1,0,0,0,0.68254666898814,0.34940156069669,0.75049973296712,-0.98616898418058,0.16574297764984,0
0.047234698109023,1,0,0,0,0.67309972936633,0.37460928252249,0.77845426108186,-0.98632743742413,0.16479740951953,0
0.050328996740834,1,0,0,0,0.66303393001817,0.39923078363592,0.7783016708629,-0.98648498402907,0.16385168990636,0
0.052473666744822,0,1,0,1,0.6525391966692,0.4232796755704,0.80955214770733,-0.98584935836109,0.16763365598536,0
0.056298988216456,1,0,1,0,0.64127939902591,0.44676930976636,0.7783016708629,-0.98584935836109,0.16763365598536,0
0.058167302512794,1,0,0,1,0.62964593852335,0.46971266197436,0.80955214770733,-0.98537946269548,0.17037404291136,0
0.057401338661575,1,0,0,1,0.61816567079104,0.49212241895271,0.84080262455177,-0.98406077287371,0.17783249222567,0
0.043130867542244,0,0,0,0,0.60953949728259,0.37091029774059,0.84080262455177,-0.98286281675736,0.18433850231513,0
0.028968563464894,0,0,0,0,0.60374578458961,0.24969817652847,0.84080262455177,-0.98198597238801,0.18895383042738,0
0.014885647373647,0,0,0,0,0.60076865511488,0.12848605531635,0.84080262455177,-0.98125411306798,0.19271835819966,0
0.028010221373937,1,0,0,1,0.59516661084009,0.27011981154933,0.8720531013962,-0.97997683760254,0.19911152091863,0
0.034266395715272,1,0,1,0,0.58831333169704,0.29717127482096,0.84080262455177,-0.97883486291948,0.20465168245926,0
0.039733703457385,1,0,1,0,0.58036659100556,0.32359365983443,0.80955214770733,-0.9784604394342,0.20643441685493,0
0.035981416457862,0,0,0,0,0.57317030771399,0.2932906295314,0.80955214770733,-0.97826207022252,0.20737242334495,0
0.032234780713436,0,0,0,0,0.5667233515713,0.26298759922837,0.80955214770733,-0.97806280178596,0.20831023921688,0
0.028499276444855,0,0,0,0,0.56102349628233,0.23268456892534,0.80955214770733,-0.9778626343077,0.20924786360869,0
0.033937137736042,1,0,1,0,0.55423606873512,0.27011981154933,0.7783016708629,-0.97806280178596,0.20831023921688,0
0.036353703038646,1,0,0,1,0.54696532812739,0.29717127482096,0.80955214770733,-0.9778626343077,0.20924786360869,0
0.036914398735008,1,0,0,1,0.53958244838039,0.32359365983443,0.84080262455177,-0.97688932158173,0.21374576809751,0
0.033352748184923,0,0,0,0,0.53291189874341,0.2932906295314,0.84080262455177,-0.97587439160186,0.21833270899182,0
0.029817016605391,0,0,0,0,0.52694849542233,0.26298759922837,0.84080262455177,-0.97485929150465,0.22282136739337,0
0.026310452292912,0,0,0,0,0.52168640496375,0.23268456892534,0.84080262455177,-0.97401931941194,0.22646493197027,0
0.022827671136499,0,0,0,0,0.51712087073645,0.20238153862231,0.84080262455177,-0.9731657294422,0.23010533031471,0
0.019367451326498,0,0,0,0,0.51324738047115,0.17207850831928,0.84080262455177,-0.97232093918538,0.23364929107887,0
0.015927222068792,0,0,0,0,0.51006193605739,0.14177547801625,0.84080262455177,-0.97166754732377,0.23635180870433,0
0.012502196148803,0,0,0,0,0.50756149682763,0.11147244771322,0.84080262455177,-0.97123538986182,0.23812143431442,0
0.0090928012055385,0,0,0,0,0.50574293658652,0.081169417410186,0.84080262455177,-0.97080000951561,0.23989026975786,0
0.0056936588982489,0,0,0,0,0.50460420480687,0.050866387107156,0.84080262455177,-0.97033823421634,0.24175134170861,0
0.0023010344432158,0,0,0,0,0.50414399791823,0.020563356804125,0.84080262455177,-0.96989624301418,0.2435185368447,0
0.0,0,0,0,0,0.50414399791823,0.0,0.84080262455177,-0.96809610862718,0.25057917802743,0
0.0,0,0,0,0,0.50414399791823,0.0,0.84080262455177,-0.96552454083443,0.26031204552702,0
0.0,0,0,0,0,0.50414399791823,0.0,0.84080262455177,-0.96212678986534,0.27260234816195,0
0.0,0,0,0,0,0.50414399791823,0.0,0.84080262455177,-0.95810705923007,0.28641030542476,0
0.0,0,0,0,0,0.50414399791823,0.0,0.84080262455177,-0.95339868506422,0.30171335289942,0
0.028038373286,1,0,1,0,0.49853632326103,0.27011981154933,0.67186999313344,-0.95365867172327,0.30089057454001,0
0.030499848662119,1,0,1,0,0.4924363535286,0.29717127482096,0.6706492713817,-0.95551525885081,0.29494167237484,0
0.032798361372581,1,0,1,0,0.48587668125409,0.32359365983443,0.66936751354238,-0.95810705923007,0.28641030542476,0
0.034923176137341,1,0,1,0,0.47889204602662,0.34940156069669,0.66807049668116,-0.96115371282855,0.27601365965454,0
0.042019393972914,0,1,0,1,0.47048816723204,0.37460928252249,0.6993209735256,-0.96385802773099,0.26641640786281,0
0.038430393034399,0,0,0,0,0.46280208862516,0.34430625221946,0.6993209735256,-0.96646651532755,0.25679266880233,0
0.04443885796259,0,1,0,1,0.45391431703264,0.36963246085427,0.73057145037003,-0.96831196729836,0.24974373663172,0
0.049122566577638,0,1,0,1,0.44408980371711,0.39436970335065,0.76182192721447,-0.96945103337149,0.24528492390474,1
-1.3296808453058,0,1,0,1,0.71002597277827,0.0,0.78175020981155,-0.98016728586546,0.19817187418788,0
0.023349008524939,1,0,0,1,0.70535617107329,0.27011981154933,0.90675211718929,-0.97826207022252,0.20737242334495,0
0.025308397498765,1,0,0,1,0.70029449157353,0.29717127482096,0.90780498970016,-0.9756646160617,0.21926823063358,0
0.027115646248525,1,0,0,1,0.69487136232383,0.32359365983443,0.90884260318914,-0.97296681449815,0.23094496722233,0
0.028762657182989,1,0,0,1,0.68911883088723,0.34940156069669,0.90988021667811,-0.96989624301418,0.2435185368447,0
0.036955064552242,0,1,1,0,0.68172781797678,0.37460928252249,0.87862973983368,-0.96717676063109,0.25410453300786,0
0.044558095466823,0,1,1,0,0.67281619888342,0.39923078363592,0.84737926298924,-0.96552454083443,0.26031204552702,0
0.051081443992466,0,1,1,0,0.66259991008492,0.4232796755704,0.81612878614481,-0.96456975061693,0.26382796704442,0
0.056030846547808,0,1,1,0,0.65139374077536,0.44676930976636,0.78487830930037,-0.96504874690314,0.26207044110446,0
0.058920046668414,0,1,1,0,0.63960973144168,0.46971266197436,0.75362783245594,-0.96646651532755,0.25679266880233,0
0.059303959905201,0,1,1,0,0.62774893946064,0.49212241895271,0.72237735561151,-0.96900260676563,0.24705049702727,0
0.064390331232324,1,0,0,1,0.61487087321417,0.51401103626598,0.75362783245594,-0.97056956794291,0.24082091641531,0
0.067118843502501,1,0,0,1,0.60144710451367,0.53539062268806,0.78487830930037,-0.97123538986182,0.23812143431442,0
0.051896573026161,0,0,0,0,0.59106778990844,0.41417850147594,0.78487830930037,-0.97144049786064,0.23728328874209,0
0.03669453278159,0,0,0,0,0.58372888335212,0.29296638026382,0.78487830930037,-0.97166754732377,0.23635180870433,0
0.021507236898986,0,0,0,0,0.57942743597233,0.1717542590517,0.78487830930037,-0.97189370362375,0.23542011141044,0
0.0063280655135775,0,0,0,0,0.57816182286961,0.050542137839577,0.78487830930037,-0.97209648046742,0.23458139879979,0
0.033809172486368,0,0,1,0,0.57139998837234,0.27011981154933,0.75362783245594,-0.97296681449815,0.23094496722233,0
0.037193388645786,0,1,0,1,0.56396131064318,0.29717127482096,0.78487830930037,-0.9731657294422,0.23010533031471,0
0.038911370173155,0,1,0,1,0.55617903660855,0.32359365983443,0.81612878614481,-0.97274494826053,0.23187769542071,0
0.038568893547327,0,1,0,1,0.54846525789908,0.34940156069669,0.84737926298924,-0.97144049786064,0.23728328874209,0
0.044842766988955,1,0,1,0,0.53949670450129,0.37460928252249,0.81612878614481,-0.97080000951561,0.23989026975786,0
0.049805980947106,1,0,1,0,0.52953550831187,0.39923078363592,0.78487830930037,-0.97100664396438,0.23905249920682,0
0.052972820142313,1,0,1,0,0.51894094428341,0.4232796755704,0.75362783245594,-0.97189370362375,0.23542011141044,0
0.053881113872548,1,0,1,0,0.5081647215089,0.44676930976636,0.72237735561151,-0.97380174793547,0.22739867131939,0
0.058686776355556,1,0,0,1,0.49642736623779,0.46971266197436,0.75362783245594,-0.97505119607466,0.22198010053463,0
0.061324024300179,1,0,0,1,0.48416256137775,0.49212241895271,0.78487830930037,-0.97547505127417,0.22011002780804,0
0.061306048501762,1,0,0,1,0.4719013516774,0.51401103626598,0.81612878614481,-0.97485929150465,0.22282136739337,0
0.066533056949241,1,0,1,0,0.45859474028755,0.53539062268806,0.78487830930037,-0.97485929150465,0.22282136739337,0
0.069374101245317,1,0,1,0,0.44471992003849,0.55627302689986,0.75362783245594,-0.97587439160186,0.21833270899182,0
0.069297189649689,1,0,1,0,0.43086048210855,0.57666975079161,0.72237735561151,-0.97768171504867,0.21009156113346,0
0.054544348815941,0,1,0,1,0.41995161234536,0.45545762957949,0.72237735561151,-0.97959323884929,0.20099026444274,0
0.052529053755422,1,0,1,0,0.40944580159428,0.47819891842929,0.69112687876707,-0.98180436111148,0.18989522506498,0
0.059397296938203,0,1,0,1,0.39756634220664,0.50041135152181,0.72237735561151,-0.9835452109791,0.18066216527008,0
0.044836128427299,0,1,0,1,0.38859911652118,0.37919923030969,0.72237735561151,-0.98488534774013,0.17320753969385,0
0.043448338005417,1,0,1,0,0.37990944892009,0.40371397769812,0.69112687876707,-0.98664162385058,0.16290581967965,0
0.050080523714542,0,1,0,1,0.36989334417719,0.42765860124068,0.72237735561151,-0.98784718393208,0.15542825096315,0
0.047714351431534,1,0,1,0,0.36035047389088,0.45104639457934,0.69112687876707,-0.98956997355518,0.14405300218324,0
0.042303537773364,1,0,1,0,0.35188976633621,0.47389027566621,0.65987640192264,-0.99141433085811,0.13075788530399,0
0.05094039772782,0,1,0,1,0.34170168679064,0.49620293125962,0.69112687876707,-0.99285305732828,0.11934323002955,0
0.037952228826725,0,1,0,1,0.3341112410253,0.3749908100475,0.69112687876707,-0.99396213898802,0.1097235902546,0
0.025400361351454,0,1,0,1,0.32903116875501,0.25377868883538,0.69112687876707,-0.9947744761089,0.10209672708893,0
0.031381625423086,1,0,0,1,0.32275484367039,0.28121020577171,0.72237735561151,-0.99535456186015,0.096277184130978,0
0.036747089792493,1,0,0,1,0.31540542571189,0.30800377238881,0.75362783245594,-0.99553734388005,0.094368410711712,0
0.041026732279403,1,0,0,1,0.30720007925601,0.33417424288663,0.78487830930037,-0.99544641038051,0.095322841232033,0
0.042676967085342,1,0,1,0,0.29866468583894,0.35973609577526,0.75362783245594,-0.99562736227517,0.093413893447332,1
-2.0568064346967,1,0,1,0,0.71002597277827,0.0,0.78175020981155,-0.98016728586546,0.19817187418788,0
0.023349008524939,1,0,0,1,0.70535617107329,0.27011981154933,0.90675211718929,-0.97826207022252,0.20737242334495,0
0.025308397498765,1,0,0,1,0.70029449157353,0.29717127482096,0.90780498970016,-0.9756646160617,0.21926823063358,0
0.032719084536027,1,0,0,0,0.69375067466633,0.32359365983443,0.87655451285573,-0.97338589622699,0.22917219950591,0
0.039664683349443,1,0,1,0,0.68581773799644,0.34940156069669,0.84530403601129,-0.97166754732377,0.23635180870433,0
0.045663743613445,0,1,1,0,0.67668498927375,0.37460928252249,0.81405355916686,-0.97100664396438,0.23905249920682,0
0.050231322187704,0,1,1,0,0.66663872483621,0.39923078363592,0.78280308232242,-0.97123538986182,0.23812143431442,0
0.052896645732009,0,1,1,0,0.65605939568981,0.4232796755704,0.75155260547799,-0.97232093918538,0.23364929107887,0
0.056192413677521,1,0,0,0,0.6448209129543,0.44676930976636,0.78280308232242,-0.97274494826053,0.23187769542071,0
0.059012383972972,1,0,0,0,0.63301843615971,0.46971266197436,0.78458838788434,-0.9731657294422,0.23010533031471,0
0.06180230252232,1,0,0,0,0.62065797565524,0.49212241895271,0.78443579766537,-0.97338589622699,0.22917219950591,0
0.064523343686363,1,0,0,0,0.60775330691797,0.51401103626598,0.78443579766537,-0.97360516826913,0.22823885804053,0
0.067173752570187,1,0,0,0,0.59431855640393,0.53539062268806,0.78443579766537,-0.97360516826913,0.22823885804053,0
0.069754820477403,1,0,0,0,0.58036759230845,0.55627302689986,0.78443579766537,-0.97380174793547,0.22739867131939,0
0.072060455858252,1,0,1,0,0.5659555011368,0.57666975079161,0.75318532082094,-0.97485929150465,0.22282136739337,0
0.074774720274645,1,0,0,0,0.55100055708187,0.59659218065666,0.7838406958114,-0.97526357190873,0.22104516576442,0
0.059545137708356,0,1,0,1,0.5390915295402,0.47538005944454,0.7838406958114,-0.9756646160617,0.21926823063358,0
0.044338781524834,0,1,1,0,0.53022377323524,0.35416793823242,0.7838406958114,-0.97587439160186,0.21833270899182,0
0.029153263437003,0,1,1,0,0.52439312054784,0.2329558170203,0.7838406958114,-0.97587439160186,0.21833270899182,0
0.013981739167885,0,1,1,0,0.52159677271426,0.11174369580818,0.7838406958114,-0.97608327011191,0.2173969866572,0
-0.022117019439427,0,1,1,0,0.52602017660214,0.27011981154933,0.40823987182422,-0.97806280178596,0.20831023921688,0
-0.018715790299224,1,0,0,0,0.52976333466199,0.29717127482096,0.43949034866865,-0.98090142365799,0.19450551937087,0
-0.013653043493972,1,0,0,0,0.53249394336078,0.32359365983443,0.47074082551308,-0.98406077287371,0.17783249222567,0
-0.0070747274188512,1,0,0,0,0.53390888884455,0.34940156069669,0.50199130235752,-0.98710610117885,0.16006731401346,0
0.00080681485920921,1,0,0,0,0.53374752587271,0.37460928252249,0.53324177920195,-0.99011514003011,0.14025694094465,0
0.0097188276444862,1,0,0,1,0.53180376034381,0.39923078363592,0.56449225604639,-0.99262239092555,0.12124681040441,0
0.0193431037911,1,0,0,1,0.52793513958559,0.4232796755704,0.59574273289082,-0.9947744761089,0.10209672708893,0
0.029315954257329,1,0,0,1,0.52207194873413,0.44676930976636,0.62699320973526,-0.9963227750207,0.085679215537039,0
0.039240794888002,1,0,0,1,0.51422378975653,0.46971266197436,0.65824368657969,-0.99746554304815,0.071151180114307,0
0.048686788778314,1,0,0,1,0.50448643200087,0.49212241895271,0.68949416342412,-0.99816624691035,0.060532169372251,0
0.057178842033646,1,0,0,1,0.49305066359414,0.51401103626598,0.72074464026856,-0.99855516887108,0.053736158411689,0
0.064225292155184,1,0,0,1,0.4802056051631,0.53539062268806,0.75199511711299,-0.9986613362104,0.051725579343853,0
0.069296401059945,1,0,0,1,0.46634632495111,0.55627302689986,0.78324559395743,-0.998503190257,0.054693500953905,0
0.071844498512812,1,0,0,1,0.45197742524855,0.57666975079161,0.81449607080186,-0.99810775278269,0.061489135911106,0
0.074181888144956,1,0,1,0,0.43714104761956,0.59659218065666,0.78324559395743,-0.9977951627049,0.066368767373716,0
0.073331136453079,1,0,1,0,0.42247482032894,0.61605129819928,0.75199511711299,-0.99786460215084,0.065316428058666,0
0.078645835506689,1,0,0,1,0.4067456532276,0.63505785392992,0.78324559395743,-0.99766606596421,0.068281921644663,0
0.077167643751026,1,0,1,0,0.3913121244774,0.65362242496375,0.75199511711299,-0.99773107289501,0.067325375452151,0
0.071704226484003,1,0,1,0,0.3769712791806,0.67175524162524,0.72074464026856,-0.99810775278269,0.061489135911106,0
0.061851430719071,1,0,1,0,0.36460099303678,0.68946636084354,0.68949416342412,-0.99875868426764,0.04981054707555,0
0.047508833316172,1,0,1,0,0.35509922637355,0.70676560835405,0.65824368657969,-0.99941511732479,0.034196831179008,0
0.036836952584212,0,0,0,1,0.34773183585671,0.58555348714193,0.65824368657969,-0.99980732870878,0.019629199173806,0
0.047818906367728,1,0,0,1,0.33816805458316,0.60526928757176,0.68949416342412,-0.99996928458179,0.0078377224361873,0
0.058211303185466,1,0,0,1,0.32652579394607,0.62452657294996,0.72074464026856,-0.99999802112122,0.0019894103780338,0
0.06761425408373,1,0,0,1,0.31300294312932,0.64333603598855,0.75199511711299,-0.99999999741473,7.1906446574866e-05,0
0.075580704680372,1,0,0,1,0.29788680219325,0.66170808040734,0.78324559395743,-0.99999198883801,0.0040027815071397,1
-2.0606958529251,1,0,0,1,0.71002597277827,0.0,0.78175020981155,-0.98016728586546,0.19817187418788,0
-0.023525429400566,0,1,1,0,0.71473105865839,0.27011981154933,0.40674448767834,-0.98214865077766,0.18810642672599,0
-0.020342901862256,1,0,0,0,0.71879963903084,0.29717127482096,0.43799496452277,-0.98488534774013,0.17320753969385,0
-0.015404461095328,1,0,0,1,0.7218805312499,0.32359365983443,0.46924544136721,-0.987697712694,0.15637528046028,0
-0.008836187754381,1,0,0,1,0.72364776880078,0.34940156069669,0.50049591821164,-0.99064574459711,0.13645881690691,0
-0.00085415509458882,1,0,0,1,0.7238185998197,0.37460928252249,0.53174639505608,-0.99330343765752,0.11553475986798,0
-0.011381673436256,0,1,0,1,0.72609493450695,0.39923078363592,0.50049591821164,-0.99553734388005,0.094368410711712,0
-0.022649873006312,0,1,0,1,0.73062490910821,0.4232796755704,0.46924544136721,-0.99732026703304,0.07315931222435,0
-0.033997337103355,0,1,0,1,0.73742437652888,0.44676930976636,0.43799496452277,-0.9986613362104,0.051725579343853,0
-0.044739395992187,0,0,0,1,0.74637225572732,0.46971266197436,0.40674448767834,-0.99947885255034,0.032280385757422,0
-0.054223822452718,0,0,0,1,0.75721702021786,0.49212241895271,0.37549401083391,-0.99989135605717,0.01474028772315,0
-0.041033413965393,0,0,0,1,0.76542370301094,0.37091029774059,0.37549401083391,-0.99999999741473,7.1906446574866e-05,0
-0.027700484923717,0,0,0,1,0.77096379999568,0.24969817652847,0.37549401083391,-0.99993243189526,-0.011624613714937,0
-0.014278899250622,0,0,0,1,0.77381957984581,0.12848605531635,0.37549401083391,-0.99981014130162,-0.019485413786656,0
-0.032627391446159,0,1,0,0,0.78034505813504,0.27011981154933,0.34424353398947,-0.99962867242548,-0.027249169985147,0
-0.037355176956271,1,0,0,1,0.78781609352629,0.29717127482096,0.31299305714504,-0.99945221409414,-0.033094889972928,0
-0.040681340634092,1,0,0,1,0.79595236165311,0.32359365983443,0.2817425803006,-0.9993144005085,-0.037023356632412,0
-0.042270701433353,1,0,0,1,0.80440650193978,0.34940156069669,0.25049210345617,-0.99934943745515,-0.036065244461616,0
-0.041889462630479,1,0,0,1,0.81278439446588,0.37460928252249,0.21924162661173,-0.99951383627475,-0.031178375443959,0
-0.039419214200238,1,0,0,1,0.82066823730593,0.39923078363592,0.1879911497673,-0.99977093987783,-0.021402517978208,0
-0.034842165181034,1,0,0,1,0.82763667034213,0.4232796755704,0.15674067292287,-0.99997731837589,-0.0067351862462577,0
-0.028248712607072,1,0,0,1,0.83328641286355,0.44676930976636,0.12549019607843,-0.99991900721543,0.012727097442675,0
-0.019814365705984,1,0,0,1,0.83724928600475,0.46971266197436,0.094239719233997,-0.99934424047367,0.03620896342216,0
-0.0097923745070952,1,0,0,0,0.83920776090616,0.49212241895271,0.062989242389563,-0.99798801218052,0.063402898545575,0
0.0014992372662828,0,0,0,1,0.83890791345291,0.51401103626598,0.031738765545129,-0.99571646548313,0.092459290316292,0
0.0051492457848562,0,0,0,1,0.83787806429594,0.53539062268806,0.020859082932784,-0.99238807482377,0.12314994497593,0
0.0027873661016096,0,0,0,1,0.83732059107561,0.55627302689986,0.02406347753109,-0.98814340216495,0.15353376422754,0
6.8582061031136e-05,0,0,0,1,0.83730687466341,0.57666975079161,0.02738994430457,-0.98286281675736,0.18433850231513,0
-0.0028937739556655,0,0,0,1,0.83788562945454,0.59659218065666,0.03099107347219,-0.9764776672761,0.21561856439331,0
0.010834187545868,1,0,0,0,0.83571879194537,0.61605129819928,0.99975585564965,-0.96921542028077,0.24621427474858,0
0.0076613031255052,0,0,0,0,0.83418653132027,0.49483917698716,0.99975585564965,-0.96212678986534,0.27260234816195,0
0.0051667338717047,0,0,0,0,0.83315318454593,0.37362705577504,0.99975585564965,-0.95576940159281,0.29411707019301,0
0.0031886696384932,0,0,0,0,0.83251545061823,0.25241493456291,0.99975585564965,-0.95040260529529,0.31102232692836,0
0.0015604880571205,0,0,0,0,0.8322033530068,0.13120281335079,0.99975585564965,-0.94651425891392,0.32266198671772,0
0.00011613591865835,0,0,0,0,0.83218012582307,0.0099906921386719,0.99975585564965,-0.94366315822732,0.33090760614473,0
0.0,0,0,0,0,0.83218012582307,0.0,0.99975585564965,-0.93926834641879,0.34318358558608,0
0.0,0,0,0,0,0.83218012582307,0.0,0.99975585564965,-0.93389359160161,0.35755105868315,0
0.0,0,0,0,0,0.83218012582307,0.0,0.99975585564965,-0.92736930424872,0.37414726183316,0
0.0,0,0,0,0,0.83218012582307,0.0,0.99975585564965,-0.91972413910937,0.39256529130773,0
0.0,0,0,0,0,0.83218012582307,0.0,0.99975585564965,-0.91116096964682,0.41205058838967,0
0.0,0,0,0,0,0.83218012582307,0.0,0.99975585564965,-0.90201955078708,0.4316951818099,0
0.0,0,0,0,0,0.83218012582307,0.0,0.99975585564965,-0.89262760168766,0.4507948144171,0
0.0,0,0,0,0,0.83218012582307,0.0,0.99975585564965,-0.8823805656856,0.4705364356778,0
0.0,0,0,0,0,0.83218012582307,0.0,0.99975585564965,-0.87188485535187,0.48971093413161,0
0.0,0,0,0,0,0.83218012582307,0.0,0.99975585564965,-0.86126499990991,0.50815607831668,0
0.0,0,0,0,0,0.83218012582307,0.0,0.99975585564965,-0.84980047728174,0.52710449515416,1
0.61077076522399,0,0,0,0,0.71002597277827,0.0,0.78175020981155,-0.98016728586546,0.19817187418788,0
-0.023525429400566,0,1,1,0,0.71473105865839,0.27011981154933,0.40674448767834,-0.98214865077766,0.18810642672599,0
-0.030819163622387,0,1,0,1,0.72089489138286,0.29717127482096,0.37549401083391,-0.98406077287371,0.17783249222567,0
-0.028586031355125,0,0,1,0,0.72661209765389,0.32359365983443,0.40674448767834,-0.98648498402907,0.16385168990636,0
-0.02446808064514,0,0,1,0,0.73150571378292,0.34940156069669,0.43799496452277,-0.98915154726212,0.14689866081399,0
-0.018540880484981,1,0,0,1,0.73521388987991,0.37460928252249,0.46924544136721,-0.99190849698261,0.12695484872069,0
-0.010962737092056,1,0,0,1,0.73740643729832,0.39923078363592,0.50049591821164,-0.99447670518766,0.10495752873951,0
-0.022230054590136,0,1,0,1,0.74185244821635,0.4232796755704,0.46924544136721,-0.99656508898228,0.082813183864236,0
-0.033602607146784,0,1,0,1,0.74857296964571,0.44676930976636,0.43799496452277,-0.99810775278269,0.061489135911106,0
-0.044396573897725,0,1,0,1,0.75745228442525,0.46971266197436,0.40674448767834,-0.99915524602346,0.041094943044039,0
-0.053957778107105,0,1,0,1,0.76824384004667,0.49212241895271,0.37549401083391,-0.99972469848175,0.023463317019949,0
-0.061701600937585,0,1,0,1,0.78058416023419,0.51401103626598,0.34424353398947,-0.99996928458179,0.0078377224361873,0
-0.047227826811648,0,0,0,1,0.79002972559652,0.39279891505386,0.34424353398947,-0.99999255414861,-0.0038589697250762,0
-0.032691208900087,1,0,0,1,0.79656796737654,0.27158679384174,0.34424353398947,-0.99990700042754,-0.013637833258953,0
-0.018114179565439,1,0,0,1,0.80019080328963,0.15037467262962,0.34424353398947,-0.99979100009693,-0.02044397527855,0
-0.0035141019222955,1,0,0,1,0.80089362367408,0.029162551417495,0.34424353398947,-0.99967908508983,-0.025332327843455,0
0.029068028875358,1,0,0,1,0.79508001789901,0.27011981154933,0.88323796444648,-0.99989346556063,-0.014596490302341,0
0.031760286558224,1,0,0,1,0.78872796058737,0.29717127482096,0.88416876478218,-0.99999999741473,7.1906446574866e-05,0
0.034326772104638,1,0,0,1,0.78186260616644,0.32359365983443,0.88525215533684,-0.9998767642165,0.015698929260767,0
0.036730735470134,1,0,0,1,0.77451645907241,0.34940156069669,0.88633554589151,-0.99947885255034,0.032280385757422,0
0.038955764551528,1,0,0,1,0.76672530616211,0.37460928252249,0.88772411688411,-0.99880598122018,0.048852961822039,0
0.041031006766023,1,0,0,1,0.7585191048089,0.39923078363592,0.88928053711757,-0.99786460215084,0.065316428058666,0
0.036246989732684,0,1,0,0,0.75126970686237,0.4232796755704,0.920531013962,-0.99640446226746,0.084723949232192,0
0.028862909219019,0,1,0,0,0.74549712501856,0.44676930976636,0.95178149080644,-0.99437561983248,0.10591093750306,0
0.019027033976382,0,1,0,0,0.74169171822329,0.46971266197436,0.98303196765087,-0.991539239647,0.12980730426382,0
0.0070817461181321,0,1,0,0,0.74027536899966,0.49212241895271,0.014267185473411,-0.98799574713458,0.15448107859535,0
0.018782180698935,1,0,0,0,0.73651893285987,0.51401103626598,0.98303196765087,-0.98388982325413,0.17877588119477,0
0.030800097798539,1,0,0,1,0.73035891330017,0.53539062268806,0.95178149080644,-0.97940008871157,0.20192935950915,0
0.042684686215713,1,0,0,1,0.72182197605702,0.55627302689986,0.920531013962,-0.97505119607466,0.22198010053463,0
0.048031893292334,1,0,0,1,0.71221559739856,0.57666975079161,0.90736247806516,-0.97080000951561,0.23989026975786,0
0.037324539694405,0,0,0,0,0.70475068945967,0.45545762957949,0.90736247806516,-0.96693269276358,0.25503169933356,0
0.027036287852149,0,0,0,0,0.69934343188925,0.33424550836737,0.90736247806516,-0.96385802773099,0.26641640786281,0
0.017071902911902,0,0,0,0,0.69592905130686,0.21303338715524,0.90736247806516,-0.96115371282855,0.27601365965454,0
0.026228717157034,0,1,1,0,0.69068330787546,0.27011981154933,0.87611200122072,-0.95914416548557,0.28291777924866,0
0.023166910355603,0,0,0,0,0.68604992580434,0.2398167812463,0.87611200122072,-0.95708502545166,0.28980727053715,0
0.029775731758668,0,1,1,0,0.6800947794526,0.27011981154933,0.84486152437629,-0.95605094778705,0.29320058873658,0
0.035627322788838,0,1,1,0,0.67296931489484,0.29717127482096,0.81361104753185,-0.95576940159281,0.29411707019301,0
0.040499629678384,0,1,1,0,0.66486938895916,0.32359365983443,0.78236057068742,-0.95655551616646,0.29155024351133,0
0.043921980782378,0,1,1,0,0.65608499280268,0.34940156069669,0.75111009384298,-0.95838121547012,0.28549158627534,0
0.045457208212001,0,1,1,0,0.64699355116028,0.37460928252249,0.71985961699855,-0.96115371282855,0.27601365965454,0
0.044723532044877,0,1,1,0,0.63804884475131,0.39923078363592,0.68860914015412,-0.96456975061693,0.26382796704442,0
0.051170196544697,1,0,0,0,0.62781480544237,0.4232796755704,0.71985961699855,-0.96763804010266,0.25234227419573,0
0.049693370381159,0,1,1,0,0.61787613136614,0.44676930976636,0.68860914015412,-0.97080000951561,0.23989026975786,0
0.05651743461513,1,0,0,0,0.60657264444311,0.46971266197436,0.71985961699855,-0.9731657294422,0.23010533031471,0
0.061593432083791,1,0,0,0,0.59425395802635,0.49212241895271,0.75111009384298,-0.97485929150465,0.22282136739337,0
0.064420844929133,1,0,0,0,0.58136978904053,0.51401103626598,0.78236057068742,-0.97526357190873,0.22104516576442,1
-0.64328091868873,1,0,1,0,0.71002597277827,0.0,0.78175020981155,-0.98016728586546,0.19817187418788,0
-0.034072009546758,0,1,0,0,0.71684037468762,0.27011981154933,0.2817425803006,-0.98016728586546,0.19817187418788,0
-0.036970339017497,1,0,0,1,0.72423444249112,0.29717127482096,0.25049210345617,-0.97959323884929,0.20099026444274,0
-0.038194449801927,1,0,0,1,0.73187333245151,0.32359365983443,0.21924162661173,-0.97826207022252,0.20737242334495,0
-0.037526557755757,0,1,0,1,0.73937864400266,0.34940156069669,0.1879911497673,-0.97629125139987,0.21646106448986,0
-0.035199193392686,0,1,0,1,0.7464184826812,0.37460928252249,0.15854123750668,-0.9731657294422,0.23010533031471,0
-0.030617893383434,1,0,0,1,0.75254206135788,0.39923078363592,0.12729076066224,-0.96900260676563,0.24705049702727,0
-0.02412147577971,1,0,0,1,0.75736635651383,0.4232796755704,0.096040283817807,-0.96360215734829,0.26734038668655,0
-0.015888715444182,1,0,0,1,0.76054409960266,0.44676930976636,0.064789806973373,-0.95733473725072,0.28898131575085,0
-0.0061681097882758,1,0,0,1,0.76177772156032,0.46971266197436,0.033539330128939,-0.95040260529529,0.31102232692836,0
0.0047258052820207,1,0,0,1,0.76083256050391,0.49212241895271,0.0022888532845045,-0.94309068792552,0.33253564372587,0
0.016427351703578,1,0,0,1,0.7575470901632,0.51401103626598,0.97105363546197,-0.93569838298225,0.35280098651279,0
0.011841924127021,1,0,1,0,0.75517870533779,0.39279891505386,0.97105363546197,-0.92925851125888,0.36943012770065,0
0.0078238467666097,1,0,1,0,0.75361393598447,0.27158679384174,0.97105363546197,-0.92388641171346,0.38266682407968,0
0.0042036282200548,1,0,1,0,0.75277321034046,0.15037467262962,0.97105363546197,-0.92002496694841,0.39185974556156,0
0.00080501658949944,1,0,1,0,0.75261220702256,0.029162551417495,0.97105363546197,-0.91710705926953,0.39864099367476,0
0.030009421963891,1,0,1,0,0.74661032262978,0.27011981154933,0.67769893949798,-0.92166984060642,0.38797513440494,0
0.03278948444418,1,0,1,0,0.74005242574095,0.29717127482096,0.67644769970245,-0.92769180217028,0.37334691666875,0
0.030981178707814,0,1,1,0,0.73385618999938,0.32359365983443,0.64519722285801,-0.93420176660814,0.35674509003801,0
0.026904945670309,0,1,1,0,0.72847520086532,0.34940156069669,0.61394674601358,-0.94103250248228,0.33831616761832,0
0.020523132330473,0,1,1,0,0.72437057439923,0.37460928252249,0.58269626916915,-0.94847628744757,0.31684812158142,0
0.011971434492029,0,1,1,0,0.72197628750082,0.39923078363592,0.55144579232471,-0.95551525885081,0.29494167237484,0
0.021905630606208,1,0,0,1,0.71759516137958,0.4232796755704,0.58269626916915,-0.96238770584471,0.27167978143202,0
0.03208727234376,1,0,0,1,0.71117770691083,0.44676930976636,0.61394674601358,-0.96809610862718,0.25057917802743,0
0.042070051123313,1,0,0,1,0.70276369668617,0.46971266197436,0.64519722285801,-0.9731657294422,0.23010533031471,0
0.051371312702749,1,0,0,1,0.69248943414562,0.49212241895271,0.67644769970245,-0.97688932158173,0.21374576809751,0
0.059490259185835,1,0,0,1,0.68059138230845,0.51401103626598,0.70769817654688,-0.97959323884929,0.20099026444274,0
0.065906892244089,1,0,0,1,0.66741000385963,0.53539062268806,0.73894865339132,-0.98125411306798,0.19271835819966,0
0.070101898473805,1,0,0,1,0.65338962416487,0.55627302689986,0.77019913023575,-0.98180436111148,0.18989522506498,0
0.071580535786272,1,0,0,1,0.63907351700762,0.57666975079161,0.80144960708019,-0.98143843128328,0.19177748981621,0
0.075141257795835,1,0,1,0,0.62404526544845,0.59659218065666,0.77019913023575,-0.98180436111148,0.18989522506498,0
0.075702818964611,1,0,1,0,0.60890470165553,0.61605129819928,0.73894865339132,-0.98286281675736,0.18433850231513,0
0.060715703445696,0,1,0,1,0.59676156096639,0.49483917698716,0.73894865339132,-0.98406077287371,0.17783249222567,0
0.064983785103097,1,0,0,1,0.58376480394577,0.51666462060177,0.77019913023575,-0.98438308497248,0.17603960355572,0
0.065870835118251,1,0,1,0,0.57059063692212,0.53798247828628,0.73894865339132,-0.98537946269548,0.17037404291136,0
0.070209579436657,1,0,0,1,0.55654872103479,0.55880459872159,0.77019913023575,-0.98584935836109,0.16763365598536,0
0.054955920031362,0,1,0,1,0.54555753702851,0.43759247750947,0.77019913023575,-0.98600962444408,0.16668839342813,0
0.05715833135914,1,0,0,1,0.53412587075669,0.46074925046979,0.80144960708019,-0.98570434408191,0.16848426056473,0
0.056789053228214,1,0,0,1,0.52276806011104,0.48336748643355,0.83270008392462,-0.98471883192626,0.17415172135179,0
0.062517736935616,1,0,1,0,0.51026451272392,0.50545969876376,0.80144960708019,-0.98406077287371,0.17783249222567,0
0.066089550612455,1,0,1,0,0.49704660260143,0.52703816962965,0.77019913023575,-0.98423081793822,0.17688893979178,0
0.066995992977073,1,0,1,0,0.48364740400601,0.54811477661133,0.73894865339132,-0.98505095824098,0.17226319882241,0
0.064764975300471,1,0,1,0,0.47069440894592,0.56870125279282,0.70769817654688,-0.98679735674467,0.16195979970885,0
0.050650718820042,0,0,0,0,0.46056426518191,0.4474891315807,0.70769817654688,-0.98814340216495,0.15353376422754,0
0.046817345422214,0,1,1,0,0.45120079609747,0.47041575113932,0.67644769970245,-0.98998021328071,0.14120615182309,0
0.039912261535296,0,1,0,0,0.44321834379041,0.49280918005741,0.64519722285801,-0.99202975937365,0.12600379564542,1
-1.3340381449393,0,1,0,0,0.71002597277827,0.0,0.78175020981155,-0.98016728586546,0.19817187418788,0
-0.034072009546758,0,1,0,0,0.71684037468762,0.27011981154933,0.2817425803006,-0.98016728586546,0.19817187418788,0
-0.036970339017497,1,0,0,0,0.72423444249112,0.29717127482096,0.25049210345617,-0.97959323884929,0.20099026444274,0
-0.038194449801927,1,0,0,0,0.73187333245151,0.32359365983443,0.21924162661173,-0.97826207022252,0.20737242334495,0
-0.037526557755757,0,1,0,1,0.73937864400266,0.34940156069669,0.1879911497673,-0.97629125139987,0.21646106448986,0
-0.034859683558945,1,0,0,1,0.74635058071445,0.37460928252249,0.15674067292287,-0.97296681449815,0.23094496722233,0
-0.030191947704362,1,0,0,1,0.75238897025532,0.39923078363592,0.12549019607843,-0.96900260676563,0.24705049702727,0
-0.023618924386104,1,0,0,1,0.75711275513254,0.4232796755704,0.094239719233997,-0.96360215734829,0.26734038668655,0
-0.015321738803682,1,0,0,1,0.76017710289328,0.44676930976636,0.062989242389563,-0.95733473725072,0.28898131575085,0
-0.0055532345813963,1,0,0,1,0.76128774980956,0.46971266197436,0.031738765545129,-0.95040260529529,0.31102232692836,0
0.0053699813879147,1,0,0,1,0.76021375353198,0.49212241895271,0.00048828870069429,-0.94309068792552,0.33253564372587,0
0.01708076908391,1,0,0,1,0.75679759971519,0.51401103626598,0.96925307087816,-0.93569838298225,0.35280098651279,0
0.012344154084312,0,0,0,0,0.75432876889833,0.39279891505386,0.96925307087816,-0.92957693816939,0.36862815413858,0
0.0081723203810541,0,0,0,0,0.75269430482212,0.27158679384174,0.96925307087816,-0.92421626226809,0.38186948105237,0
0.0043964874634316,0,0,0,0,0.75181500732943,0.15037467262962,0.96925307087816,-0.92036275130341,0.39106573106477,0
0.00084203988094312,0,0,0,0,0.75164659935325,0.029162551417495,0.96925307087816,-0.9177555775978,0.39714569088451,0
0.00099995128741258,0,1,1,0,0.75144660909576,0.27011981154933,0.00048828870069429,-0.91281280726858,0.40837823018184,0
-0.0065905157337874,0,1,0,1,0.75276471224252,0.29717127482096,0.031738765545129,-0.90676477878781,0.42163685316857,0
-0.015267137943673,0,1,0,1,0.75581813983125,0.32359365983443,0.062989242389563,-0.89960506147408,0.4367044004475,0
-0.024519743794518,0,1,0,1,0.76072208859016,0.34940156069669,0.094239719233997,-0.89193503057096,0.45216357796751,0
-0.033766002725307,0,1,0,1,0.76747528913522,0.37460928252249,0.12549019607843,-0.88413379261473,0.46723381379851,0
-0.028815329850849,1,0,0,0,0.77323835510539,0.39923078363592,0.094239719233997,-0.8755226322642,0.48317711079186,0
-0.021982998628341,1,0,0,0,0.77763495483106,0.4232796755704,0.062989242389563,-0.8660493716049,0.49995848421919,0
-0.013461363459396,1,0,0,0,0.78032722752294,0.44676930976636,0.031738765545129,-0.85610588758635,0.51680045398586,0
-0.0035155401586315,1,0,0,0,0.78103033555466,0.46971266197436,0.00048828870069429,-0.84685624927287,0.53182186215639,0
0.0075286351340511,1,0,0,0,0.77952460852785,0.49212241895271,0.96925307087816,-0.83786681437206,0.54587471215841,0
0.0050216340647895,0,0,0,0,0.7785202817149,0.37091029774059,0.96925307087816,-0.83110489797624,0.55611567911712,0
0.0030635258910934,0,0,0,0,0.77790757653668,0.24969817652847,0.96925307087816,-0.82551863080072,0.5643748667339,0
0.0014769762834021,0,0,0,0,0.77761218128,0.12848605531635,0.96925307087816,-0.82209468868459,0.56935079067003,0
8.1394011731653e-05,0,0,0,0,0.77759590247765,0.0072739341042259,0.96925307087816,-0.81985029009976,0.57257794388479,0
0.0,0,0,0,0,0.77759590247765,0.0,0.96925307087816,-0.81532352321236,0.57900565843227,0
0.0,0,0,0,0,0.77759590247765,0.0,0.96925307087816,-0.80860823199386,0.58834745444487,0
0.0,0,0,0,0,0.77759590247765,0.0,0.96925307087816,-0.79994866261562,0.60006844374578,0
0.0,0,0,0,0,0.77759590247765,0.0,0.96925307087816,-0.79059112461429,0.61234440773237,0
0.0,0,0,0,0,0.77759590247765,0.0,0.96925307087816,-0.78050608256679,0.62514818649361,0
0.0,0,0,0,0,0.77759590247765,0.0,0.96925307087816,-0.76941818250446,0.63874537996884,0
0.0,0,0,0,0,0.77759590247765,0.0,0.96925307087816,-0.75796837287332,0.65229130434475,0
-0.0038122764588081,0,1,1,0,0.77835835776941,0.27011981154933,0.00048828870069429,-0.74564159447081,0.66634721624317,0
0.002815828671909,1,0,0,0,0.77779519203503,0.29717127482096,0.96925307087816,-0.73591697561023,0.67707178719002,0
0.0022195565136966,0,0,0,0,0.77735128073229,0.26686824451793,0.96925307087816,-0.72768425900046,0.6859122532824,0
0.0017209931233839,0,0,0,0,0.77700708210761,0.2365652142149,0.96925307087816,-0.72134037215881,0.6925807299469,0
0.0083019784654902,0,1,1,0,0.77534668641452,0.27011981154933,0.93800259403372,-0.71680978181668,0.69726876933642,0
0.015762796900841,0,1,1,0,0.77219412703435,0.29717127482096,0.90675211718929,-0.71466718519206,0.69946466273119,0
0.023775942591455,0,1,1,0,0.76743893851606,0.32359365983443,0.87550164034485,-0.71540446255184,0.69871056594337,0
0.031924105054607,0,1,1,0,0.76105411750513,0.34940156069669,0.84425116350042,-0.71854567442624,0.69547977236102,0
0.039746321670842,0,1,1,0,0.75310485317097,0.37460928252249,0.81300068665599,-0.72451998769656,0.6892537902893,1
0.21539440196347,0,1,1,0,0.71002597277827,0.0,0.78175020981155,-0.98016728586546,0.19817187418788,0
-0.023525429400566,0,1,1,0,0.71473105865839,0.27011981154933,0.40674448767834,-0.98214865077766,0.18810642672599,0
-0.030819163622387,0,1,0,1,0.72089489138286,0.29717127482096,0.37549401083391,-0.98406077287371,0.17783249222567,0
-0.028586031355125,1,0,0,0,0.72661209765389,0.32359365983443,0.40674448767834,-0.98648498402907,0.16385168990636,0
-0.02446808064514,1,0,0,0,0.73150571378292,0.34940156069669,0.43799496452277,-0.98915154726212,0.14689866081399,0
-0.018540880484981,1,0,0,0,0.73521388987991,0.37460928252249,0.46924544136721,-0.99190849698261,0.12695484872069,0
-0.028908468210883,0,1,0,1,0.74099558352209,0.39923078363592,0.43799496452277,-0.99417070710622,0.10781746209182,0
-0.022123077517413,1,0,0,1,0.74542019902557,0.4232796755704,0.46924544136721,-0.99624017194756,0.086634403084993,0
-0.013655254699914,1,0,0,1,0.74815124996555,0.44676930976636,0.50049591821164,-0.99804834118787,0.062446045928747,0
-0.0037665847947385,1,0,0,1,0.7489045669245,0.46971266197436,0.53174639505608,-0.99927297243193,0.038125143502195,0
0.0072204845140636,1,0,0,1,0.74746047002169,0.49212241895271,0.56299687190051,-0.99989135605717,0.01474028772315,0
0.0047614430619796,1,0,0,1,0.74650818140929,0.37091029774059,0.56299687190051,-0.999988394752,-0.004817713287703,0
0.002873274710486,1,0,0,1,0.7459335264672,0.24969817652847,0.56299687190051,-0.99979100009693,-0.02044397527855,0
0.0013743608048471,1,0,0,1,0.74565865430623,0.12848605531635,0.56299687190051,-0.99948348455031,-0.032136647478551,0
7.6578932810907e-05,1,0,0,1,0.74564333851966,0.0072739341042259,0.56299687190051,-0.99920377834374,-0.039897485429484,0
0.029586587701157,1,0,0,1,0.73972602097943,0.27011981154933,0.88247501335164,-0.9995745843012,-0.029165911936404,0
0.032339641099436,1,0,0,1,0.73325809275955,0.29717127482096,0.88340581368734,-0.99987901158513,-0.01555513392854,0
0.034966948212251,1,0,0,1,0.7262647031171,0.32359365983443,0.88448920424201,-0.99999999741473,7.1906446574866e-05,0
0.03743021621922,1,0,0,1,0.71877865987325,0.34940156069669,0.88557259479667,-0.9998767642165,0.015698929260767,0
0.039760399254838,1,0,0,1,0.71082658002228,0.37460928252249,0.88680857557031,-0.99950934208634,0.031322118097707,0
0.041902592105758,1,0,0,1,0.70244606160113,0.39923078363592,0.88819714656291,-0.99885236006375,0.047895331662569,0
0.043890435978417,1,0,0,1,0.69366797440545,0.4232796755704,0.88973830777447,-0.99792676581607,0.064359692882045,0
0.04571970867932,1,0,0,1,0.68452403266959,0.44676930976636,0.89127946898604,-0.99672205150145,0.080902114006676,0
0.039886262552082,0,1,0,1,0.67654678015917,0.46971266197436,0.92252994583047,-0.99496841819253,0.10018905528773,0
0.048655051138179,1,0,0,1,0.66681576993153,0.49212241895271,0.89465171282521,-0.99308007318384,0.11743921085049,0
0.049875796795804,1,0,0,1,0.65684061057237,0.51401103626598,0.89633020523384,-0.99090558371809,0.13455899879349,0
0.046436554838678,0,0,0,0,0.64755329960464,0.48370800596295,0.89633020523384,-0.98858091687019,0.15069097783243,0
0.043069083686682,0,0,0,0,0.6389394828673,0.45340497565992,0.89633020523384,-0.98616898418058,0.16574297764984,0
0.039774174175357,0,0,0,0,0.63098464803223,0.42310194535689,0.89633020523384,-0.9837179692366,0.17971910583191,0
0.03655189670748,0,0,0,0,0.62367426869073,0.39279891505386,0.89633020523384,-0.98143843128328,0.19177748981621,0
0.033401559034371,0,0,0,0,0.61699395688386,0.36249588475083,0.89633020523384,-0.97903062335084,0.20371312805329,0
0.030320756509992,0,0,0,0,0.61092980558186,0.3321928544478,0.89633020523384,-0.97668394331604,0.21468226491408,0
0.027309036751509,0,0,0,0,0.60546799823156,0.30188982414477,0.89633020523384,-0.9742359955635,0.22553098445312,0
0.024362383435421,0,0,0,0,0.60059552154447,0.27158679384174,0.89633020523384,-0.97209648046742,0.23458139879979,0
0.021476905628439,0,0,0,0,0.59630014041879,0.24128376353871,0.89633020523384,-0.96989624301418,0.2435185368447,0
0.018647949932642,0,0,0,0,0.59257055043226,0.21098073323568,0.89633020523384,-0.96809610862718,0.25057917802743,0
0.015869682674751,0,0,0,0,0.58939661389731,0.18067770293265,0.89633020523384,-0.96621987052962,0.25771915294311,0
0.02789654662735,1,0,1,0,0.58381730457184,0.27011981154933,0.86507972838941,-0.96456975061693,0.26382796704442,0
0.034171155495007,1,0,1,0,0.57698307347284,0.29717127482096,0.83382925154498,-0.96360215734829,0.26734038668655,0
0.039667623251508,1,0,1,0,0.56904954882253,0.32359365983443,0.80257877470054,-0.96337111668142,0.26817175754354,0
0.03591723769199,0,0,0,0,0.56186610128414,0.2932906295314,0.80257877470054,-0.96337111668142,0.26817175754354,0
0.032177896824193,0,0,0,0,0.5554305219193,0.26298759922837,0.80257877470054,-0.96360215734829,0.26734038668655,0
0.036449084813804,1,0,1,0,0.54814070495654,0.29020494403261,0.77132829785611,-0.96434174037686,0.26466017412322,0
0.039295075975615,1,0,1,0,0.54028168976141,0.31678933808298,0.74007782101167,-0.96574879873292,0.25947881945532,0
0.040283180921068,1,0,1,0,0.5322250535772,0.34275549108332,0.70882734416724,-0.96809610862718,0.25057917802743,0
0.039046781221703,1,0,1,0,0.52441569733286,0.36811776594682,0.6775768673228,-0.97123538986182,0.23812143431442,1
-0.92805137722706,1,0,0,1,0.71002597277827,0.0,0.78175020981155,-0.98016728586546,0.19817187418788,0
-0.023525429400566,0,1,1,0,0.71473105865839,0.27011981154933,0.40674448767834,-0.98214865077766,0.18810642672599,0
-0.030819163622387,0,1,0,1,0.72089489138286,0.29717127482096,0.37549401083391,-0.98406077287371,0.17783249222567,0
-0.037541556431438,1,0,0,1,0.72840320266915,0.32359365983443,0.34424353398947,-0.98554235634718,0.16942922960827,0
-0.043180845572765,0,1,0,1,0.7370393717837,0.34940156069669,0.31299305714504,-0.98648498402907,0.16385168990636,0
-0.047289495612177,1,0,0,1,0.74649727090614,0.37460928252249,0.2817425803006,-0.98679735674467,0.16195979970885,0
-0.04951759947918,1,0,0,1,0.75640079080198,0.39923078363592,0.25049210345617,-0.98632743742413,0.16479740951953,0
-0.049626321291643,1,0,0,1,0.7663260550603,0.4232796755704,0.21924162661173,-0.98521566327656,0.17131869960552,0
-0.047497359926458,1,0,0,1,0.7758255270456,0.44676930976636,0.1879911497673,-0.98303910002573,0.18339609543445,0
-0.043113799903216,1,0,0,1,0.78444828702624,0.46971266197436,0.15674067292287,-0.97978548853852,0.20005098462477,0
-0.0365683394023,1,0,0,1,0.7917619549067,0.49212241895271,0.12549019607843,-0.97526357190873,0.22104516576442,0
-0.027986388662549,1,0,0,0,0.79735923263921,0.37091029774059,0.12549019607843,-0.97080000951561,0.23989026975786,0
-0.01904214682957,1,0,0,0,0.80116766200512,0.24969817652847,0.12549019607843,-0.96693269276358,0.25503169933356,0
-0.0098608582451448,1,0,0,0,0.80313983365415,0.12848605531635,0.12549019607843,-0.96408755356529,0.26558461751483,0
-0.00055879500885374,1,0,0,0,0.80325159265592,0.0072739341042259,0.12549019607843,-0.96189120932086,0.27343244399898,0
0.033929202943318,1,0,0,0,0.79646575206726,0.27011981154933,0.78841840238041,-0.96212678986534,0.27260234816195,0
0.037391328204464,0,1,1,0,0.78898748642637,0.29717127482096,0.75716792553597,-0.96337111668142,0.26817175754354,0
0.039201076616834,0,1,1,0,0.781147271103,0.32359365983443,0.72591744869154,-0.96574879873292,0.25947881945532,0
0.038986414709287,0,1,1,0,0.77334998816114,0.34940156069669,0.6946669718471,-0.96876530113341,0.24797941712952,0
0.036468567046382,0,1,1,0,0.76605627475187,0.37460928252249,0.66341649500267,-0.97274494826053,0.23187769542071,0
0.04420696336585,0,1,0,1,0.7572148820787,0.39923078363592,0.6946669718471,-0.97587439160186,0.21833270899182,0
0.050886661658111,0,1,0,1,0.74703754974707,0.4232796755704,0.72591744869154,-0.97806280178596,0.20831023921688,0
0.056012481586022,0,1,0,1,0.73583505342987,0.44676930976636,0.75716792553597,-0.97922548385088,0.20277438639288,0
0.059101424476372,0,1,0,1,0.72401476853459,0.46971266197436,0.78841840238041,-0.97940008871157,0.20192935950915,0
0.059712954895572,0,1,0,1,0.71207217755548,0.49212241895271,0.81966887922484,-0.97863820273672,0.20559004874807,0
0.057483577509619,0,1,0,1,0.70057546205356,0.51401103626598,0.85091935606928,-0.97688932158173,0.21374576809751,0
0.052164478359246,0,1,0,1,0.69014256638171,0.53539062268806,0.88216983291371,-0.97401931941194,0.22646493197027,0
0.04870121976829,0,0,0,0,0.68040232242805,0.50508759238503,0.88216983291371,-0.97123538986182,0.23812143431442,0
0.057792633818291,1,0,1,0,0.66884379566439,0.52667467521899,0.85091935606928,-0.96900260676563,0.24705049702727,0
0.065390799473861,1,0,1,0,0.65576563576962,0.54775977857185,0.81966887922484,-0.96785542027995,0.25150722740056,0
0.0709694085493,1,0,1,0,0.64157175405976,0.56835451993075,0.78841840238041,-0.96785542027995,0.25150722740056,0
0.055797022626249,0,0,0,0,0.63041234953451,0.44714239871863,0.78841840238041,-0.96809610862718,0.25057917802743,0
0.040649438876395,0,0,0,0,0.62228246175923,0.32593027750651,0.78841840238041,-0.96809610862718,0.25057917802743,0
0.025522721720469,0,0,0,0,0.61717791741514,0.20471815629439,0.78841840238041,-0.96831196729836,0.24974373663172,0
0.033964341478631,1,0,1,0,0.61038504911941,0.27011981154933,0.75716792553597,-0.96921542028077,0.24621427474858,0
0.036230725947039,1,0,1,0,0.60313890393,0.29717127482096,0.72591744869154,-0.97080000951561,0.23989026975786,0
0.036622103651667,1,0,1,0,0.59581448319967,0.32359365983443,0.6946669718471,-0.97296681449815,0.23094496722233,0
0.034817779404076,1,0,1,0,0.58885092731885,0.34940156069669,0.66341649500267,-0.97608327011191,0.2173969866572,0
0.042043315492255,0,1,0,1,0.5804422642204,0.37460928252249,0.6946669718471,-0.9784604394342,0.20643441685493,0
0.048278209534592,0,1,0,1,0.57078662231348,0.39923078363592,0.72591744869154,-0.98016728586546,0.19817187418788,0
0.053029706253615,0,1,0,1,0.56018068106276,0.4232796755704,0.75716792553597,-0.98108745548058,0.19356498830789,0
0.053879724768139,1,0,1,0,0.54940473610913,0.44676930976636,0.72591744869154,-0.98232854688112,0.18716470282196,0
0.0520673235361,1,0,1,0,0.53899127140191,0.46971266197436,0.6946669718471,-0.98423081793822,0.17688893979178,0
0.047299925717356,1,0,1,0,0.52953128625844,0.49212241895271,0.66341649500267,-0.98664162385058,0.16290581967965,0
0.035227898394911,0,1,0,0,0.52248570657946,0.37091029774059,0.66341649500267,-0.98872493786313,0.14974310417363,0
0.034559816299231,1,0,1,0,0.51557374331961,0.39561780293783,0.65149919890135,-0.99064574459711,0.13645881690691,1
-0.9722611472933,0,1,0,0,0.71002597277827,0.0,0.78175020981155,-0.98016728586546,0.19817187418788,0
0.023349008524939,1,0,0,1,0.70535617107329,0.27011981154933,0.90675211718929,-0.97826207022252,0.20737242334495,0
0.03037160173008,1,0,1,0,0.69928185072727,0.29717127482096,0.87550164034485,-0.97608327011191,0.2173969866572,0
0.037003668864289,1,0,1,0,0.69188111695441,0.32359365983443,0.84425116350042,-0.97464521291868,0.2237559137424,0
0.042768507723221,1,0,1,0,0.68332741540977,0.34940156069669,0.81300068665599,-0.97380174793547,0.22739867131939,0
0.042651355631063,1,0,0,1,0.67479714428355,0.37460928252249,0.84425116350042,-0.97252218786941,0.23281021047561,0
0.048733101842417,1,0,1,0,0.66505052391507,0.39923078363592,0.81300068665599,-0.97189370362375,0.23542011141044,0
0.053264634477098,1,0,1,0,0.65439759701965,0.4232796755704,0.78175020981155,-0.97209648046742,0.23458139879979,0
0.054439640269433,1,0,0,1,0.64350966896577,0.44676930976636,0.81300068665599,-0.97166754732377,0.23635180870433,0
0.053006310351795,1,0,0,1,0.63290840689541,0.46971266197436,0.84425116350042,-0.97033823421634,0.24175134170861,0
0.048680724707556,1,0,0,1,0.62317226195389,0.49212241895271,0.87550164034485,-0.96785542027995,0.25150722740056,0
0.057342677982957,1,0,1,0,0.6117037263573,0.51401103626598,0.84425116350042,-0.96599713083197,0.25855278614704,0
0.064503530182029,1,0,1,0,0.5988030203209,0.53539062268806,0.81300068665599,-0.9652745222583,0.2612376249299,0
0.06963724993446,1,0,1,0,0.58487557033401,0.55627302689986,0.78175020981155,-0.96574879873292,0.25947881945532,0
0.072221183062631,1,0,1,0,0.57043133372148,0.57666975079161,0.75049973296712,-0.96717676063109,0.25410453300786,0
0.057006908707746,0,0,0,0,0.55902995197993,0.45545762957949,0.75049973296712,-0.96876530113341,0.24797941712952,0
0.059801349673345,1,0,0,1,0.54706968204526,0.47819891842929,0.78175020981155,-0.96968575533649,0.24435534759341,0
0.062579912821671,1,0,1,0,0.53455369948093,0.50041135152181,0.75049973296712,-0.97100664396438,0.23905249920682,0
0.06269003519886,1,0,1,0,0.52201569244116,0.52210721102628,0.71924925612268,-0.97338589622699,0.22917219950591,0
0.059720176107599,1,0,1,0,0.51007165721964,0.5432984901197,0.68799877927825,-0.97629125139987,0.21646106448986,0
0.053595789031659,1,0,1,0,0.4993524994133,0.56399697968454,0.65749599450675,-0.97997683760254,0.19911152091863,0
0.053932687051312,1,0,1,0,0.48856596200304,0.58421412381259,0.65555809872587,-0.98337154864043,0.18160505864242,0
0.041977557447351,0,0,0,1,0.48017045051357,0.46300200260047,0.65555809872587,-0.98616898418058,0.16574297764984,0
0.030529725097125,0,0,0,1,0.47406450549415,0.34178988138835,0.65555809872587,-0.98829014888746,0.15258630873048,0
0.031320842282216,1,0,1,0,0.4678003370377,0.36717461094712,0.65073624780652,-0.99038226304486,0.13835813328512,0
0.032525273830313,1,0,1,0,0.46129528227164,0.39196898720481,0.64937819485771,-0.99215010988447,0.12505262674664,0
0.033484425126177,1,0,1,0,0.4545983972464,0.41618676619096,0.64785229266804,-0.99385648439606,0.11067650348604,0
0.042317630355013,0,0,0,1,0.4461348711754,0.43984132824522,0.67910276951247,-0.99516812009548,0.098185603555864,0
0.050459797571348,0,0,0,1,0.43604291166113,0.46294579361424,0.71035324635691,-0.99597828316918,0.089594974498377,0
0.057433052597879,0,0,0,1,0.42455630114156,0.48551293575402,0.74160372320134,-0.99640446226746,0.084723949232192,0
0.054470658189886,1,0,1,0,0.41366216950358,0.50755529692679,0.71035324635691,-0.99695810069416,0.077939370412537,0
0.048216424461437,1,0,1,0,0.40401888461129,0.52908504370487,0.67910276951247,-0.9977951627049,0.066368767373716,0
0.036418599738986,0,0,0,1,0.39673516466349,0.40787292249275,0.67910276951247,-0.99839647958553,0.056608034334521,0
0.025180724130823,0,1,0,1,0.39169901983733,0.28666080128063,0.67910276951247,-0.99885236006375,0.047895331662569,0
0.014371653632829,0,1,0,1,0.38882468911076,0.16544868006851,0.67910276951247,-0.99915524602346,0.041094943044039,0
0.027522776010339,1,0,0,1,0.3833201339087,0.27011981154933,0.71035324635691,-0.99934424047367,0.03620896342216,0
0.033669714121349,1,0,0,1,0.37658619108443,0.29717127482096,0.74160372320134,-0.99944744428687,0.033238623744794,0
0.032452120448508,1,0,1,0,0.37009576699473,0.32359365983443,0.71035324635691,-0.99957037953036,0.029309663347314,0
0.039104595159552,1,0,0,1,0.36227484796281,0.34940156069669,0.74160372320134,-0.99965054691415,0.026434523907901,0
0.036784308804646,1,0,1,0,0.35491798620189,0.37460928252249,0.71035324635691,-0.99978804965079,0.020587757903035,0
0.04395707200243,0,0,0,1,0.3461265718014,0.39923078363592,0.74160372320134,-0.99982568873737,0.018670622401288,0
0.04041649519523,1,0,1,0,0.33804327276235,0.4232796755704,0.71035324635691,-0.99991900721543,0.012727097442675,0
0.033915482205132,1,0,1,0,0.33126017632133,0.44676930976636,0.67910276951247,-0.99999198883801,0.0040027815071397,0
0.042829054719381,0,0,0,1,0.32269436537745,0.46971266197436,0.71035324635691,-0.99999579434555,-0.0029002226152585,0
0.051147534851158,0,0,0,1,0.31246485840722,0.49212241895271,0.74160372320134,-0.999988394752,-0.004817713287703,0
0.058435181111487,0,0,0,1,0.30077782218492,0.51401103626598,0.77285420004578,-0.99999255414861,-0.0038589697250762,1
-2.0462407529668,0,0,0,1,0.71002597277827,0.0,0.78175020981155,-0.98016728586546,0.19817187418788,0
-0.034072009546758,0,1,0,0,0.71684037468762,0.27011981154933,0.2817425803006,-0.98016728586546,0.19817187418788,0
-0.036970339017497,1,0,0,0,0.72423444249112,0.29717127482096,0.25049210345617,-0.97959323884929,0.20099026444274,0
-0.038194449801927,1,0,0,0,0.73187333245151,0.32359365983443,0.21924162661173,-0.97826207022252,0.20737242334495,0
-0.037526557755757,1,0,0,0,0.73937864400266,0.34940156069669,0.1879911497673,-0.97629125139987,0.21646106448986,0
-0.034859683558945,1,0,0,0,0.74635058071445,0.37460928252249,0.15674067292287,-0.97296681449815,0.23094496722233,0
-0.030191947704362,1,0,0,0,0.75238897025532,0.39923078363592,0.12549019607843,-0.96900260676563,0.24705049702727,0
-0.023618924386104,1,0,0,0,0.75711275513254,0.4232796755704,0.094239719233997,-0.96360215734829,0.26734038668655,0
-0.015321738803682,1,0,0,0,0.76017710289328,0.44676930976636,0.062989242389563,-0.95733473725072,0.28898131575085,0
-0.0055532345813963,1,0,0,0,0.76128774980956,0.46971266197436,0.031738765545129,-0.95040260529529,0.31102232692836,0
0.0053699813879147,1,0,0,0,0.76021375353198,0.49212241895271,0.00048828870069429,-0.94309068792552,0.33253564372587,0
0.01708076908391,1,0,0,0,0.75679759971519,0.51401103626598,0.96925307087816,-0.93569838298225,0.35280098651279,0
0.0035540816380437,0,1,0,1,0.75608678338758,0.53539062268806,0.00048828870069429,-0.92736930424872,0.37414726183316,0
0.016065953775436,1,0,0,0,0.7528735926325,0.55627302689986,0.96925307087816,-0.9193850610557,0.39335875420233,0
0.011687358756682,0,0,0,0,0.75053612088116,0.43506090568774,0.96925307087816,-0.91214598782862,0.40986546193618,0
0.0079474087989804,0,0,0,0,0.74894663912136,0.31384878447562,0.96925307087816,-0.90644111574745,0.42233221956479,0
0.0046761300348801,0,0,0,0,0.74801141311439,0.19263666326349,0.96925307087816,-0.90201955078708,0.4316951818099,0
0.0016944265637274,0,0,0,0,0.74767252780164,0.071424542051373,0.96925307087816,-0.89889209135477,0.43817006755351,0
0.0,0,0,0,0,0.74767252780164,0.0,0.96925307087816,-0.89439272366537,0.44728252352896,0
0.01264737370773,0,0,1,0,0.7451430530601,0.27011981154933,0.93800259403372,-0.88909989445515,0.457713204616,0
0.010999382041081,0,0,0,0,0.74294317665188,0.2398167812463,0.93800259403372,-0.88377516327017,0.46791180877039,0
0.0094313476386792,0,0,0,0,0.74105690712415,0.20951375094327,0.93800259403372,-0.87911144621393,0.47661626612574,0
0.007934470868843,0,0,0,0,0.73947001295038,0.17921072064024,0.93800259403372,-0.8755226322642,0.48317711079186,0
0.006499097892646,0,0,0,0,0.73817019337185,0.14890769033721,0.93800259403372,-0.87188485535187,0.48971093413161,0
0.017617735035556,0,1,1,0,0.73464664636474,0.27011981154933,0.90675211718929,-0.8690059398705,0.49480165366517,0
0.025055103919583,0,1,1,0,0.72963562558082,0.29717127482096,0.87550164034485,-0.86714973905257,0.49804751787461,0
0.032505715724157,0,1,1,0,0.72313448243599,0.32359365983443,0.84425116350042,-0.86714973905257,0.49804751787461,0
0.039506824101017,0,1,1,0,0.71523311761579,0.34940156069669,0.81300068665599,-0.8690059398705,0.49480165366517,0
0.045576229935924,0,1,1,0,0.7061178716286,0.37460928252249,0.78175020981155,-0.87263504783856,0.4883728834444,0
0.05022662293491,0,1,1,0,0.69607254704162,0.39923078363592,0.75049973296712,-0.87805830836371,0.4785536616864,0
0.052989562376452,0,1,1,0,0.68547463456633,0.4232796755704,0.71924925612268,-0.88484949070615,0.46587699964375,0
0.053438149587077,0,1,1,0,0.67478700464891,0.44676930976636,0.68799877927825,-0.89297309965902,0.45011003464194,0
0.051219109915581,0,1,1,0,0.6645431826658,0.46971266197436,0.65674830243381,-0.902350396539,0.43100320400887,0
0.046096440018221,0,1,1,0,0.65532389466215,0.49212241895271,0.62549782558938,-0.91214598782862,0.40986546193618,0
0.034381346149656,0,1,0,1,0.64844762543222,0.37091029774059,0.62549782558938,-0.92036275130341,0.39106573106477,0
0.022964534643744,0,1,0,1,0.64385471850347,0.24969817652847,0.62549782558938,-0.92675825780144,0.37565826437978,0
0.029544397135229,1,0,0,0,0.63794583907643,0.27722456960967,0.65674830243381,-0.93265394050497,0.36077226509331,0
0.035698966640797,1,0,0,0,0.63080604574827,0.30411081603079,0.68799877927825,-0.93751237849307,0.34795192221378,0
0.040952147699232,1,0,0,0,0.62261561620842,0.33037179889101,0.71924925612268,-0.94135643144369,0.33741379488634,0
0.044830406404333,1,0,0,0,0.61364953492755,0.35602205449885,0.75049973296712,-0.94394833956772,0.33009321748157,0
0.046877092145978,1,0,0,0,0.60427411649836,0.38107580127138,0.78175020981155,-0.94567583537544,0.32511108007411,0
0.048272550070942,1,0,0,0,0.59461960648417,0.40554691083503,0.79963378347448,-0.94623548885827,0.32347859222081,0
0.05351898448978,1,0,1,0,0.58391580958621,0.42944890802557,0.76838330663005,-0.94762228972788,0.31939316838481,0
0.05686880326362,1,0,1,0,0.57254204893349,0.45279505758575,0.73713282978561,-0.95013387738974,0.31184229193029,0
0.053039525568456,0,0,0,0,0.5619341438198,0.42249202728271,0.73713282978561,-0.95284749343068,0.30344959097495,0
0.049215419756047,0,0,0,0,0.55209105986859,0.39218899697968,0.73713282978561,-0.95526040467296,0.2957660549557,1
-0.78967456454842,0,0,0,0,0.71002597277827,0.0,0.78175020981155,-0.98016728586546,0.19817187418788,0
0.00076049573001062,0,0,1,0,0.70987387363227,0.27011981154933,0.53174639505608,-0.98303910002573,0.18339609543445,0
-0.0068667595149857,0,1,0,0,0.71124722553527,0.29717127482096,0.50049591821164,-0.98600962444408,0.16668839342813,0
-0.015567218174389,0,1,0,1,0.71436066917015,0.32359365983443,0.46924544136721,-0.98886805001366,0.14879509286999,0
-0.024821719296968,0,1,0,1,0.71932501302954,0.34940156069669,0.43799496452277,-0.99141433085811,0.13075788530399,0
-0.034046788205595,0,1,0,1,0.72613437067066,0.37460928252249,0.40674448767834,-0.99341375036899,0.1145823746386,0
-0.029196100989596,1,0,0,1,0.73197359086858,0.39923078363592,0.43799496452277,-0.99535456186015,0.096277184130978,0
-0.022468994688987,1,0,0,1,0.73646738980638,0.4232796755704,0.46924544136721,-0.99717815026803,0.075071543397091,0
-0.014053721496464,1,0,0,1,0.73927813410567,0.44676930976636,0.50049591821164,-0.9986613362104,0.051725579343853,0
-0.0042091953440696,1,0,0,1,0.74011997317448,0.46971266197436,0.53174639505608,-0.99962474330628,0.027392929194447,0
0.0067449495391512,1,0,0,1,0.73877098326665,0.49212241895271,0.56299687190051,-0.99999198883801,0.0040027815071397,0
0.0043939039718264,1,0,0,1,0.73789220247229,0.37091029774059,0.56299687190051,-0.99987901158513,-0.01555513392854,0
0.002621452734898,1,0,0,1,0.73736791192531,0.24969817652847,0.56299687190051,-0.99951383627475,-0.031178375443959,0
0.0012434422278143,1,0,0,1,0.73711922347974,0.12848605531635,0.56299687190051,-0.99912142434259,-0.041909180612768,0
6.9162677669965e-05,1,0,0,1,0.73710539094421,0.0072739341042259,0.56299687190051,-0.99876583733827,-0.049666912184883,0
0.029821730371549,1,0,0,1,0.7311410448699,0.27011981154933,0.88154421301595,-0.99920377834374,-0.039897485429484,0
0.028491688115593,0,1,0,0,0.72544270724678,0.29717127482096,0.91279468986038,-0.99972806247102,-0.023319543476442,0
0.024990059298611,0,1,0,0,0.72044469538706,0.32359365983443,0.94404516670481,-0.999988394752,-0.004817713287703,0
0.019257237946049,0,1,0,0,0.71659324779785,0.34940156069669,0.97529564354925,-0.99989135605717,0.01474028772315,0
0.011400379947814,0,1,0,0,0.71431317180829,0.37460928252249,0.0065308613717861,-0.99934424047367,0.03620896342216,0
0.0092207238565453,0,0,0,1,0.71246902703698,0.39923078363592,0.013794155794614,-0.99828609798469,0.058522359577287,0
0.0083640297572996,0,0,0,1,0.71079622108552,0.4232796755704,0.015808346684977,-0.99672205150145,0.080902114006676,0
-0.0030758961500077,0,1,0,1,0.71141140031552,0.44676930976636,0.047058823529412,-0.99457687641336,0.10400402349831,0
0.0074108742896232,1,0,0,0,0.70992922545759,0.46971266197436,0.015808346684977,-0.99178632282282,0.12790578509823,0
0.018639406702275,1,0,0,0,0.70620134411714,0.49212241895271,0.98457312886244,-0.98843598716723,0.15163871297511,0
0.016571548578133,0,0,0,0,0.70288703440151,0.46181938864968,0.98457312886244,-0.98488534774013,0.17320753969385,0
0.014668049216072,0,0,0,0,0.6999534245583,0.43151635834665,0.98457312886244,-0.98090142365799,0.19450551937087,0
0.012921368111764,0,0,0,0,0.69736915093595,0.40121332804362,0.98457312886244,-0.97688932158173,0.21374576809751,0
0.011324523414157,0,0,0,0,0.69510424625311,0.37091029774059,0.98457312886244,-0.97252218786941,0.23281021047561,0
0.0098685818311734,0,0,0,0,0.69313052988688,0.34060726743756,0.98457312886244,-0.96831196729836,0.24974373663172,0
0.0085445208954407,0,0,0,0,0.69142162570779,0.31030423713453,0.98457312886244,-0.96408755356529,0.26558461751483,0
0.0073423600424029,0,0,0,0,0.68995315369931,0.2800012068315,0.98457312886244,-0.96014174668321,0.27951355293815,0
0.006251488147334,0,0,0,0,0.68870285606984,0.24969817652847,0.98457312886244,-0.95630358798816,0.29237552496912,0
0.0052611876918084,0,0,0,0,0.68765061853148,0.21939514622544,0.98457312886244,-0.95258529895655,0.3042716684344,0
0.0043596679161296,0,0,0,0,0.68677868494826,0.18909211592241,0.98457312886244,-0.94874933538674,0.31602958501258,0
-0.00071553986017709,0,1,1,0,0.68692179292029,0.27011981154933,0.015808346684977,-0.94423281808451,0.3292785830451,0
0.0061515706706237,1,0,0,0,0.68569147878617,0.29717127482096,0.98457312886244,-0.9395641220587,0.34237298453597,0
-0.0017523244091522,0,1,1,0,0.686041943668,0.32359365983443,0.015808346684977,-0.93420176660814,0.35674509003801,0
0.0061897867107418,1,0,0,0,0.68480398632585,0.34940156069669,0.98457312886244,-0.92861958201687,0.3710332490422,0
0.0051606841269024,0,0,0,0,0.68377184950047,0.31909853039366,0.98457312886244,-0.92359263372796,0.38337533426585,0
0.0042626047133852,0,0,0,0,0.68291932855779,0.28879550009063,0.98457312886244,-0.91840165790245,0.39564933307416,0
0.0034861921875137,0,0,0,0,0.68222209012029,0.2584924697876,0.98457312886244,-0.9138279577981,0.40610154339347,0
-0.0035753930809882,0,1,1,0,0.68293716873649,0.28581434307676,0.015808346684977,-0.90845525354415,0.41798211960325,0
0.0033792398933888,1,0,0,0,0.68226132075781,0.31250083807743,0.98457312886244,-0.90268071144523,0.43031097265203,0
0.011399114532607,0,0,1,0,0.67998149785129,0.33856672229189,0.95332265201801,-0.89788148051245,0.44023726211303,0
0.0099383961184799,0,0,0,0,0.67799381862759,0.30826369198886,0.95332265201801,-0.89297309965902,0.45011003464194,1
-0.16016077075341,0,0,0,0,0.71002597277827,0.0,0.78175020981155,-0.98016728586546,0.19817187418788,0
0.00076049573001062,0,0,1,0,0.70987387363227,0.27011981154933,0.53174639505608,-0.98303910002573,0.18339609543445,0
0.0077626851927098,1,0,0,0,0.70832133659373,0.29717127482096,0.56299687190051,-0.98600962444408,0.16668839342813,0
0.015683062961838,1,0,0,0,0.70518472400136,0.32359365983443,0.59424734874495,-0.98886805001366,0.14879509286999,0
0.024153125888262,1,0,0,0,0.70035409882371,0.34940156069669,0.62549782558938,-0.99116177945242,0.13265868593014,0
0.032761842984651,1,0,0,1,0.69380173022678,0.37460928252249,0.65674830243381,-0.99296702162694,0.11839127485304,0
0.041052272779189,1,0,0,1,0.68559127567094,0.39923078363592,0.68799877927825,-0.99427362044074,0.1068642489126,0
0.048544247202806,1,0,0,1,0.67588242623038,0.4232796755704,0.71924925612268,-0.99506401740653,0.099235080807074,0
0.054744822121911,1,0,0,1,0.664933461806,0.44676930976636,0.75049973296712,-0.99535456186015,0.096277184130978,0
0.059152531955451,1,0,0,1,0.65310295541491,0.46971266197436,0.78175020981155,-0.99526179840338,0.097231438531307,0
0.061289868835598,1,0,0,1,0.64084498164779,0.49212241895271,0.81300068665599,-0.99467613341752,0.10305042265593,0
0.046163301595819,0,1,0,1,0.63161232132862,0.37091029774059,0.81300068665599,-0.99417070710622,0.10781746209182,0
0.031060786538992,0,1,0,1,0.62540016402083,0.24969817652847,0.81300068665599,-0.99374991624475,0.11162931498292,0
0.034891196148654,1,0,1,0,0.61842192479109,0.27722456960967,0.78175020981155,-0.99352314992806,0.11362988408435,0
0.037237107595068,1,0,1,0,0.61097450327208,0.30411081603079,0.75049973296712,-0.99363163623418,0.11267728908077,0
0.041559040832022,0,1,0,1,0.60266269510568,0.33037179889101,0.78175020981155,-0.99352314992806,0.11362988408435,0
0.044266251406272,0,1,0,1,0.59380944482442,0.35602205449885,0.81300068665599,-0.99308007318384,0.11743921085049,0
0.044937864353566,0,1,0,1,0.58482187195371,0.38107580127138,0.84425116350042,-0.99215010988447,0.12505262674664,0
0.050329842088572,1,0,1,0,0.57475590353599,0.40554691083503,0.81300068665599,-0.99141433085811,0.13075788530399,0
0.053981791321389,1,0,1,0,0.56395954527172,0.42944890802557,0.78175020981155,-0.99116177945242,0.13265868593014,0
0.055428422510856,1,0,1,0,0.55287386076955,0.45279505758575,0.75049973296712,-0.99141433085811,0.13075788530399,0
0.054248907897025,1,0,1,0,0.54202407919014,0.47559827746767,0.71924925612268,-0.99215010988447,0.12505262674664,0
0.050121834758073,1,0,1,0,0.53199971223853,0.49787116773201,0.68799877927825,-0.99341375036899,0.1145823746386,0
0.0428634396662,1,0,1,0,0.52342702430529,0.51962609724565,0.65674830243381,-0.99487190439709,0.10114293767395,0
0.032204252089724,0,1,0,1,0.51698617388734,0.39841397603353,0.65674830243381,-0.99615665312396,0.087589510998039,0
0.022057778704442,0,1,0,1,0.51257461814645,0.27720185482141,0.65674830243381,-0.99703236705324,0.076983498544886,0
0.012282471933953,0,1,0,1,0.51011812375966,0.15598973360929,0.65674830243381,-0.99760014197227,0.069238405071986,0
0.0027249141443318,0,1,0,1,0.5095731409308,0.034777612397165,0.65674830243381,-0.99804834118787,0.062446045928747,0
0.015394227801222,0,0,1,0,0.50649429537055,0.27011981154933,0.62549782558938,-0.9986613362104,0.051725579343853,0
0.0096487498592532,0,1,0,1,0.5045645453987,0.29717127482096,0.59424734874495,-0.9993090657385,0.037167070544284,0
0.0020251154391334,0,1,0,1,0.50415952231087,0.32359365983443,0.56299687190051,-0.9997678515811,0.021546297707863,0
0.0099651052076485,0,0,0,1,0.50216650126934,0.34940156069669,0.59424734874495,-0.99998769156176,0.0049615244616772,0
0.018649620611772,0,0,0,1,0.49843657714699,0.37460928252249,0.62549782558938,-0.99996173108848,-0.008748506073912,0
0.02773114011211,0,0,0,1,0.49289034912457,0.39923078363592,0.65674830243381,-0.99979100009693,-0.02044397527855,0
0.036813238901508,0,0,0,1,0.48552770134427,0.4232796755704,0.68799877927825,-0.99960208778372,-0.028207553925059,0
0.045473411962373,0,0,0,1,0.47643301895179,0.44676930976636,0.71924925612268,-0.99945221409414,-0.033094889972928,0
0.0532485256768,0,1,0,1,0.46578331381643,0.46971266197436,0.75049973296712,-0.99945221409414,-0.033094889972928,0
0.059647989477975,0,1,0,1,0.45385371592084,0.49212241895271,0.78175020981155,-0.99954326923956,-0.03022007475,0
0.044854151252078,0,1,0,1,0.44488288567042,0.37091029774059,0.78175020981155,-0.99965433820204,-0.02629076099762,0
0.030144891100584,0,1,0,1,0.4388539074503,0.24969817652847,0.78175020981155,-0.99974996066276,-0.022361041004533,0
0.030974026575111,1,0,1,0,0.43265910213528,0.27722456960967,0.75049973296712,-0.99979100009693,-0.02044397527855,0
0.036561686358787,0,1,0,1,0.42534676486353,0.30411081603079,0.78175020981155,-0.99984734636235,-0.017472377404617,0
0.036625388847209,1,0,1,0,0.41802168709408,0.33037179889101,0.75049973296712,-0.99984734636235,-0.017472377404617,0
0.034386098788001,1,0,1,0,0.41114446733648,0.35602205449885,0.71924925612268,-0.99981014130162,-0.019485413786656,0
0.029605690671364,1,0,1,0,0.40522332920221,0.38107580127138,0.68799877927825,-0.99965433820204,-0.02629076099762,0
0.022228036086923,1,0,1,0,0.40077772198483,0.40554691083503,0.65674830243381,-0.99934943745515,-0.036065244461616,1
-1.5462412539672,0,0,0,1,0.71002597277827,0.0,0.78175020981155,-0.98016728586546,0.19817187418788,0
0.00076049573001062,0,0,1,0,0.70987387363227,0.27011981154933,0.53174639505608,-0.98303910002573,0.18339609543445,0
0.0077626851927098,1,0,0,0,0.70832133659373,0.29717127482096,0.56299687190051,-0.98600962444408,0.16668839342813,0
0.015683062961838,1,0,0,0,0.70518472400136,0.32359365983443,0.59424734874495,-0.98886805001366,0.14879509286999,0
0.008165160502142,0,0,1,0,0.70355169190093,0.34940156069669,0.56299687190051,-0.991539239647,0.12980730426382,0
-0.0010902526625251,0,0,1,0,0.70376974243344,0.37460928252249,0.53174639505608,-0.9940668799235,0.10877057616452,0
-0.011641776422543,0,1,0,1,0.70609809771795,0.39923078363592,0.50049591821164,-0.99615665312396,0.087589510998039,0
-0.0027534858434124,1,0,0,1,0.70664879488663,0.4232796755704,0.53174639505608,-0.99786460215084,0.065316428058666,0
0.0072582040639182,1,0,0,1,0.70519715407385,0.44676930976636,0.56299687190051,-0.99907460944337,0.043010751744,0
0.018040791391908,1,0,0,1,0.70158899579546,0.46971266197436,0.59424734874495,-0.99974673451828,0.022504817707194,0
0.029198127786586,1,0,0,1,0.69574937023815,0.49212241895271,0.62549782558938,-0.99999198883801,0.0040027815071397,0
0.040292709965763,1,0,0,1,0.68769082824499,0.51401103626598,0.65674830243381,-0.99994311745023,-0.010665920678364,0
0.050858275313486,1,0,0,1,0.6775191731823,0.53539062268806,0.68799877927825,-0.99979100009693,-0.02044397527855,0
0.060393426094773,1,0,0,1,0.66544048796334,0.55627302689986,0.71924925612268,-0.99967908508983,-0.025332327843455,0
0.046948604763907,0,1,0,1,0.65605076701056,0.43506090568774,0.71924925612268,-0.99960208778372,-0.028207553925059,0
0.054170259410731,1,0,0,1,0.64521671512841,0.45827654636267,0.75049973296712,-0.99960208778372,-0.028207553925059,0
0.059800745186536,1,0,0,1,0.63325656609111,0.48095229177764,0.78175020981155,-0.99970291306608,-0.024373871403648,0
0.063339287883061,1,0,0,1,0.6205887085145,0.50310071309408,0.81300068665599,-0.99987901158513,-0.01555513392854,0
0.064310725850406,1,0,0,1,0.60772656334441,0.52473403468277,0.84425116350042,-0.99999579434555,-0.0029002226152585,0
0.062304867661123,1,0,0,1,0.59526558981219,0.54586427861994,0.87550164034485,-0.99990502879118,0.013781632636165,0
0.069123076867643,1,0,0,0,0.58144097443866,0.56650312019117,0.84425116350042,-0.99962474330628,0.027392929194447,0
0.054235765345478,0,1,0,1,0.57059382136957,0.44529099897905,0.84425116350042,-0.99923596058712,0.039083181415224,0
0.058776342806124,1,0,1,0,0.55883855280834,0.46826874126088,0.81300068665599,-0.99889782075572,0.046937657477397,0
0.061088170815324,1,0,1,0,0.54662091864528,0.49071207913485,0.78175020981155,-0.99871046924961,0.05076808654288,0
0.045963298098157,0,1,0,1,0.53742825902564,0.36949995792273,0.78175020981155,-0.99855516887108,0.053736158411689,0
0.03086737172184,0,1,0,1,0.53125478468128,0.24828783671061,0.78175020981155,-0.99845029381227,0.055650793221499,0
0.032626570003091,1,0,1,0,0.52472947068066,0.27584703040845,0.75049973296712,-0.998503190257,0.054693500953905,0
0.032502539302493,1,0,1,0,0.51822896282016,0.30276532606645,0.71924925612268,-0.9986613362104,0.051725579343853,0
0.038716819367433,0,1,0,1,0.51048559894667,0.32905760678378,0.75049973296712,-0.99875868426764,0.04981054707555,0
0.043909824896154,0,1,0,1,0.50170363396744,0.35473843776818,0.78175020981155,-0.99871046924961,0.05076808654288,0
0.047603258941744,0,1,0,1,0.49218298217909,0.37982203743675,0.81300068665599,-0.99845029381227,0.055650793221499,0
0.049977906005413,1,0,1,0,0.48218740097801,0.4043223063151,0.78175020981155,-0.99828609798469,0.058522359577287,0
0.050050993039298,1,0,1,0,0.47217720237015,0.42825279813824,0.75049973296712,-0.99834174762623,0.057565223413068,0
0.047436774107001,1,0,1,0,0.46268984754875,0.45162677764893,0.71924925612268,-0.99860622960674,0.052778766474845,0
0.054886624055376,0,1,0,1,0.45171252273768,0.47445716279926,0.75049973296712,-0.99871046924961,0.05076808654288,0
0.060834789220145,0,1,0,1,0.43954556489365,0.49675658254912,0.78175020981155,-0.99860622960674,0.052778766474845,0
0.04590631611705,0,1,0,1,0.43036430167024,0.375544461337,0.78175020981155,-0.998503190257,0.054693500953905,0
0.031044007725336,0,1,0,1,0.42415550012517,0.25433234012488,0.78175020981155,-0.99845029381227,0.055650793221499,0
0.016234940454917,0,1,0,1,0.42090851203419,0.13312021891276,0.78175020981155,-0.99839647958553,0.056608034334521,0
0.030843540411738,1,0,1,0,0.41473980395184,0.27011981154933,0.75049973296712,-0.99845029381227,0.055650793221499,0
0.036129484542545,0,1,0,1,0.40751390704333,0.29717127482096,0.78175020981155,-0.99834174762623,0.057565223413068,0
0.03671043940636,1,0,1,0,0.40017181916206,0.32359365983443,0.75049973296712,-0.99845029381227,0.055650793221499,0
0.035055647698802,1,0,1,0,0.3931606896223,0.34940156069669,0.71924925612268,-0.9986613362104,0.051725579343853,0
0.030897777596618,1,0,1,0,0.38698113410297,0.37460928252249,0.68799877927825,-0.99903291360074,0.043968597230582,0
0.024116024295187,1,0,1,0,0.38215792924394,0.39923078363592,0.65674830243381,-0.99944744428687,0.033238623744794,0
0.017354554802943,1,0,1,0,0.37868701828335,0.4232796755704,0.63355458915084,-0.99980732870878,0.019629199173806,1
-1.6566947724746,1,0,1,0,0.71002597277827,0.0,0.78175020981155,-0.98016728586546,0.19817187418788,0
-0.034072009546758,0,1,0,0,0.71684037468762,0.27011981154933,0.2817425803006,-0.98016728586546,0.19817187418788,0
-0.036970339017497,1,0,0,1,0.72423444249112,0.29717127482096,0.25049210345617,-0.97959323884929,0.20099026444274,0
-0.038194449801927,1,0,0,1,0.73187333245151,0.32359365983443,0.21924162661173,-0.97826207022252,0.20737242334495,0
-0.037526557755757,1,0,0,1,0.73937864400266,0.34940156069669,0.1879911497673,-0.97629125139987,0.21646106448986,0
-0.034859683558945,1,0,0,1,0.74635058071445,0.37460928252249,0.15674067292287,-0.97296681449815,0.23094496722233,0
-0.030191947704362,1,0,0,1,0.75238897025532,0.39923078363592,0.12549019607843,-0.96900260676563,0.24705049702727,0
-0.023618924386104,1,0,0,1,0.75711275513254,0.4232796755704,0.094239719233997,-0.96360215734829,0.26734038668655,0
-0.015321738803682,1,0,0,1,0.76017710289328,0.44676930976636,0.062989242389563,-0.95733473725072,0.28898131575085,0
-0.0055532345813963,1,0,0,1,0.76128774980956,0.46971266197436,0.031738765545129,-0.95040260529529,0.31102232692836,0
0.0053699813879147,1,0,0,1,0.76021375353198,0.49212241895271,0.00048828870069429,-0.94309068792552,0.33253564372587,0
0.0033731145747258,0,0,1,0,0.75953913061703,0.37091029774059,0.00048828870069429,-0.93630583728564,0.35118567605306,0
0.0019433225024508,0,0,1,0,0.75915046611654,0.24969817652847,0.00048828870069429,-0.93112372438911,0.36470345471322,0
0.00089771042713752,0,0,1,0,0.75897092403111,0.12848605531635,0.00048828870069429,-0.92708205976021,0.37485844591094,0
4.8771586932179e-05,0,0,1,0,0.75896116971373,0.0072739341042259,0.00048828870069429,-0.92454542469076,0.38107185370134,0
0.0085217954213564,0,0,1,0,0.75725681062945,0.27011981154933,0.54990463111315,-0.93017652264555,0.36711256682253,0
0.015979839067483,1,0,0,0,0.75406084281596,0.29717127482096,0.58115510795758,-0.93721178967856,0.34876075078412,0
0.023980961898633,1,0,0,0,0.74926465043623,0.32359365983443,0.61240558480201,-0.94394833956772,0.33009321748157,0
0.032103400436444,1,0,0,0,0.74284397034894,0.34940156069669,0.64365606164645,-0.95013387738974,0.31184229193029,0
0.039890743746691,1,0,0,0,0.7348658215996,0.37460928252249,0.67490653849088,-0.95526040467296,0.2957660549557,0
0.046857989782842,1,0,0,0,0.72549422364304,0.39923078363592,0.70615701533532,-0.95938793173274,0.28209005024207,0
0.044692304016765,0,1,0,0,0.71655576283968,0.4232796755704,0.67490653849088,-0.96385802773099,0.26641640786281,0
0.039848927622292,0,1,0,0,0.70858597731523,0.44676930976636,0.64365606164645,-0.96876530113341,0.24797941712952,0
0.0322740013461,0,1,0,0,0.70213117704601,0.46971266197436,0.61240558480201,-0.97401931941194,0.22646493197027,0
0.022104232113876,0,1,0,0,0.69771033062323,0.49212241895271,0.58115510795758,-0.97922548385088,0.20277438639288,0
0.0096885411073336,0,1,0,0,0.69577262240176,0.51401103626598,0.54990463111315,-0.98406077287371,0.17783249222567,0
-0.004420633056327,0,1,0,0,0.69665674901303,0.53539062268806,0.51865415426871,-0.98829014888746,0.15258630873048,0
-0.019489071190502,0,1,0,0,0.70055456325113,0.55627302689986,0.48740367742428,-0.99202975937365,0.12600379564542,0
-0.034671837593094,0,1,0,0,0.70748893076975,0.57666975079161,0.45615320057984,-0.99487190439709,0.10114293767395,0
-0.028207982306518,0,0,0,1,0.71313052723105,-0.45545762957949,0.020401312275883,-0.99589192601077,0.09054982996422,0
0.0038347016585537,0,1,0,0,0.71236358689934,-0.42212428468646,0.051651789120317,-0.99640446226746,0.084723949232192,0
0.012331835708553,0,1,0,0,0.70989721975763,-0.38879093979344,0.082902265964752,-0.99688291792468,0.078895170637811,0
0.01901714697549,0,1,0,0,0.70609379036253,-0.35545759490042,0.11415274280919,-0.99717815026803,0.075071543397091,0
0.023734818459431,0,1,0,0,0.70134682667065,-0.3221242500074,0.14540321965362,-0.99739686823971,0.072107469971067,0
0.026428642869898,0,1,0,0,0.69606109809667,-0.28879090511438,0.17665369649805,-0.99746554304815,0.071151180114307,0
0.027147377164918,0,1,0,0,0.69063162266368,-0.25545756022135,0.20790417334249,-0.99753330097977,0.070194824854917,0
0.026052180922118,0,1,0,0,0.68542118647926,-0.22212422977794,0.23915465018692,-0.99760014197227,0.069238405071986,0
0.023049768231571,0,1,0,0,0.68081123283295,-0.18879089933453,0.25915922789349,-0.99766606596421,0.068281921644663,0
0.018963291938713,0,1,0,0,0.6770185744452,-0.15545756889112,0.25900663767453,-0.99773107289501,0.067325375452151,0
0.014890982334177,0,1,0,0,0.67404037797837,-0.12212423844771,0.25885404745556,-0.9977951627049,0.066368767373716,0
0.010823085062004,0,1,0,0,0.67187576096597,-0.088790908004298,0.25885404745556,-0.9977951627049,0.066368767373716,0
0.0067593436301562,0,1,0,0,0.67052389223994,-0.055457573948484,0.25885404745556,-0.99786460215084,0.065316428058666,0
0.0026967825029334,0,1,0,0,0.66998453573935,-0.022124239892671,0.25885404745556,-0.99786460215084,0.065316428058666,0
-0.0013649496844835,0,1,0,0,0.67025752567625,0.011209094163143,0.25885404745556,-0.99786460215084,0.065316428058666,0
-0.0053951738102665,0,1,0,0,0.6713365604383,0.044281750014334,0.25885404745556,-0.99792676581607,0.064359692882045,0
-0.0093333483615267,0,1,0,0,0.6732032301106,0.076585278366551,0.25885404745556,-0.99792676581607,0.064359692882045,1
-0.18411371333835,0,1,0,0,0.71002597277827,0.0,0.78175020981155,-0.98016728586546,0.19817187418788,0
-0.034072009546758,0,1,0,0,0.71684037468762,0.27011981154933,0.2817425803006,-0.98016728586546,0.19817187418788,0
-0.037489391849587,0,1,0,0,0.72433825305754,0.29717127482096,0.2817425803006,-0.98016728586546,0.19817187418788,0
-0.040261409356536,1,0,0,1,0.73239053492885,0.32359365983443,0.25049210345617,-0.97959323884929,0.20099026444274,0
-0.041245057066722,1,0,0,1,0.74063954634219,0.34940156069669,0.21924162661173,-0.97826207022252,0.20737242334495,0
-0.040246865663092,1,0,0,1,0.74868891947481,0.37460928252249,0.1879911497673,-0.97587439160186,0.21833270899182,0
-0.037180724382969,1,0,0,1,0.75612506435141,0.39923078363592,0.15674067292287,-0.97232093918538,0.23364929107887,0
-0.032064903337086,1,0,0,1,0.76253804501882,0.4232796755704,0.12549019607843,-0.96785542027995,0.25150722740056,0
-0.025018292533141,1,0,0,1,0.76754170352545,0.44676930976636,0.094239719233997,-0.96212678986534,0.27260234816195,0
-0.016236650395573,1,0,0,1,0.77078903360457,0.46971266197436,0.062989242389563,-0.95526040467296,0.2957660549557,0
-0.005988431398185,1,0,0,1,0.7719867198842,0.49212241895271,0.031738765545129,-0.94762228972788,0.31939316838481,0
0.0054000763428152,1,0,0,0,0.77090670461564,0.51401103626598,0.00048828870069429,-0.93985919813929,0.34156212856956,0
0.017550881994631,1,0,0,0,0.76739652821671,0.53539062268806,0.96925307087816,-0.93175172623515,0.36309602126409,0
0.012804038841318,0,0,0,0,0.76483572044845,0.41417850147594,0.96925307087816,-0.92483743562175,0.38036261340013,0
0.0086453218448902,0,0,0,0,0.76310665607947,0.29296638026382,0.96925307087816,-0.91908308366223,0.39406380869846,0
0.0049086942293513,0,0,0,0,0.7621249172336,0.1717542590517,0.96925307087816,-0.91479870917636,0.40391004158014,0
0.0014217687182115,0,0,0,0,0.76184056348996,0.050542137839577,0.96925307087816,-0.91214598782862,0.40986546193618,0
0.0,0,0,0,0,0.76184056348996,0.0,0.96925307087816,-0.90781299859664,0.41937520143538,0
0.00078434402019219,0,1,1,0,0.76168369468592,0.27011981154933,0.00048828870069429,-0.90098223849085,0.43385597371018,0
0.0078202150386372,1,0,0,0,0.76011965167819,0.29717127482096,0.96925307087816,-0.89439272366537,0.44728252352896,0
0.0067175184433158,0,0,0,0,0.75877614798953,0.26686824451793,0.96925307087816,-0.88874856597633,0.45839501139849,0
0.0057112560063926,0,0,0,0,0.75763389678825,0.2365652142149,0.96925307087816,-0.88341601400759,0.46858952847342,0
-0.00042371808490709,0,1,1,0,0.75771864040523,0.27011981154933,0.00048828870069429,-0.87732317221756,0.47990004322788,0
0.0065120559701453,1,0,0,0,0.7564162292112,0.29717127482096,0.96925307087816,-0.87155600087376,0.49029596912574,0
-0.0013188744288427,0,1,1,0,0.75668000409697,0.32359365983443,0.00048828870069429,-0.86460778171515,0.50244739405991,0
0.0067142504163896,0,0,1,0,0.75533715401369,0.34940156069669,0.96925307087816,-0.85798304013661,0.51367801475043,0
-0.0026335846430593,0,1,1,0,0.75586387094231,0.37460928252249,0.00048828870069429,-0.85055764246068,0.52588182783941,0
0.0064158060957818,0,0,1,0,0.75458070972315,0.39923078363592,0.96925307087816,-0.8438343916086,0.53660368945669,0
-0.004407046902374,0,1,1,0,0.75546211910363,0.4232796755704,0.00048828870069429,-0.83560925762101,0.54932428362312,0
0.0055854690676509,0,0,1,0,0.75434502529009,0.44676930976636,0.96925307087816,-0.82773074031635,0.56112549535317,0
0.0044447649278801,0,0,0,0,0.75345607230452,0.41646627946333,0.96925307087816,-0.82100144487776,0.57092611387869,0
0.0034628885261235,0,0,0,0,0.75276349459929,0.3861632491603,0.96925307087816,-0.8146012299624,0.58002141007359,0
0.0026277622278148,0,0,0,0,0.75223794215373,0.35586021885727,0.96925307087816,-0.80821319415525,0.58889000058871,0
0.0019305302366543,0,0,0,0,0.7518518361064,0.32555718855424,0.96925307087816,-0.80258733347492,0.59653463616593,0
-0.0071005941247869,0,1,1,0,0.75327195493136,0.3513194286462,0.00048828870069429,-0.79543886205931,0.60603384123808,0
0.0011090020740028,0,0,1,0,0.75305015451656,0.37648253007369,0.96925307087816,-0.78947434857604,0.61378355544967,0
-0.0093669724181211,0,1,1,0,0.75492354900018,0.40106045116078,0.00048828870069429,-0.78164357562609,0.62372535677369,0
-0.00019097994647181,0,0,1,0,0.75496174498948,0.4250668034409,0.96925307087816,-0.77459796533416,0.6324539446475,0
-0.00086875990427564,0,0,0,0,0.75513549697033,0.39476377313787,0.96925307087816,-0.76831471944609,0.64007225520443,0
-0.0013905303450284,0,0,0,0,0.75541360303934,0.36446074283484,0.96925307087816,-0.76239101816968,0.64711663200245,0
-0.011642920776727,0,1,1,0,0.75774218719468,0.38931823499275,0.00048828870069429,-0.75508423522074,0.65562778900921,0
-0.022628579329597,0,1,1,0,0.7622679030606,0.41359765601881,0.031738765545129,-0.74525815383582,0.66677603746777,0
-0.033706486531725,0,1,1,0,0.76900920036695,0.43731244405111,0.062989242389563,-0.73448722206472,0.67862251703259,0
-0.026476926821914,0,0,1,0,0.77430458573133,0.46047571933631,0.031738765545129,-0.7237926786449,0.69001750582144,0
-0.017488731223591,0,0,1,0,0.77780233197605,0.48310031312885,0.00048828870069429,-0.71433179629942,0.69980717686778,0
-0.0070177731237078,0,0,1,0,0.77920588660079,0.50519873879173,0.96925307087816,-0.70636913669794,0.70784365697561,1
0.34589956911258,0,1,1,0,0.71002597277827,0.0,0.78175020981155,-0.98016728586546,0.19817187418788,0
-0.023525429400566,0,1,1,0,0.71473105865839,0.27011981154933,0.40674448767834,-0.98214865077766,0.18810642672599,0
